season_end,round_number,match_number,date_utc,home_team,away_team,home_code,away_code,home_short_name,away_short_name,home,away,prob_home_win,prob_draw,prob_away_win,prob_home_clean_sheet,prob_away_clean_sheet,prob_home_concede_2,prob_away_concede_2,prob_home_concede_4,prob_away_concede_4
2026,8,77,2025-10-18T11:30:00Z,Nott'm Forest,Chelsea,17,8,NFO,CHE,1.0797689572495703,1.5815281881878906,0.25943545843273474,0.2508504698076387,0.4897140717596269,0.20566056988325146,0.3396739957938482,0.4690814416476008,0.2935565679630333,0.07628818686178596,0.02427396662363368
2026,8,71,2025-10-18T14:00:00Z,Brighton,Newcastle,36,4,BHA,NEW,1.3970446148157363,1.5700120361612913,0.3400477290079973,0.2435419802262633,0.41641029076573965,0.20804267830671935,0.24732683094314553,0.4653278127164997,0.40714655178829107,0.07473477895171587,0.05339251384088162
2026,8,72,2025-10-18T14:00:00Z,Burnley,Leeds,90,2,BUR,LEE,1.2659307993479776,1.517281830736586,0.3172916004758284,0.2514091887286555,0.4312992107955163,0.21930719158371617,0.28197671021406506,0.4479419912764435,0.3610602876271305,0.06783021537552858,0.03977138337187702
2026,8,73,2025-10-18T14:00:00Z,Crystal Palace,Bournemouth,31,91,CRY,BOU,1.314587535206969,1.1197504878609117,0.41054427271148275,0.2726938927561458,0.31676183453237167,0.3263612155498696,0.268585082285939,0.30819565411928385,0.37833631639842735,0.02722515294184058,0.04456505378387687
2026,8,76,2025-10-18T14:00:00Z,Man City,Everton,43,11,MCI,EVE,1.5702379171248684,0.7207926180944567,0.5771581401615361,0.2524323346541254,0.1704095251843387,0.48636660017344796,0.20799569073307725,0.1630639447338328,0.4654015890792672,0.006364081180114445,0.07476509233663353
2026,8,78,2025-10-18T14:00:00Z,Sunderland,Wolves,56,39,SUN,WOL,1.003931812395645,1.3624971722069126,0.2763579895436218,0.2732952560793699,0.4503467543770085,0.25602065038053184,0.3664358480529265,0.3951519374494189,0.26568754688456375,0.04958663942201369,0.0192301775031557
2026,8,74,2025-10-18T16:30:00Z,Fulham,Arsenal,54,3,FUL,ARS,0.756707458455356,1.8463937691965158,0.1474361509522858,0.219759229954806,0.6328046190929084,0.15780522348324488,0.4692087758803792,0.5508241951306281,0.1757374438382303,0.11627647702371857,0.0075171906593052285
2026,8,79,2025-10-19T13:00:00Z,Spurs,Aston Villa,6,7,TOT,AVL,1.4914505151917419,1.3115337245018621,0.41498043129222173,0.2514933553773662,0.33352621333041244,0.2694065439412581,0.22504598605557596,0.3772576880782892,0.43930906210000176,0.044255104811120605,0.06457399377041839
2026,8,75,2025-10-19T15:30:00Z,Liverpool,Man Utd,14,1,LIV,MUN,2.4610658130725023,1.0030441796477758,0.6931667318459536,0.17156475091072315,0.13526851724332328,0.3667612529102901,0.08534394178773354,0.2653610070377176,0.7046190007256257,0.019175373873117074,0.23413450855161866
2026,8,80,2025-10-20T19:00:00Z,West Ham,Brentford,21,94,WHU,BRE,1.4032380071333868,1.8582398277766672,0.29149579855872154,0.22574111725783835,0.4827630841834401,0.15594688230241538,0.24579977256549856,0.554266409985636,0.40928464442585133,0.11824488996555427,0.054091098667207405
2026,9,87,2025-10-24T19:00:00Z,Leeds,West Ham,2,21,LEE,WHU,1.6001744954773898,1.2142610789324402,0.4633936095166574,0.2467918589200157,0.289814531563327,0.29692934059699666,0.20186129103892622,0.3425209179229961,0.4751254194164455,0.03501926825311097,0.07883753943237948
2026,9,85,2025-10-25T14:00:00Z,Chelsea,Sunderland,8,56,CHE,SUN,2.204266081003058,0.5998257438465208,0.7423712891283514,0.17133001598926292,0.08629869488238592,0.5489072782315904,0.11033146995920559,0.12184400530037687,0.6464686131425096,0.003354627236009544,0.18148710423308434
2026,9,89,2025-10-25T14:00:00Z,Newcastle,Fulham,4,54,NEW,FUL,1.8115703692870595,0.952811021714332,0.5756553219944047,0.22876389673682881,0.19558078126876682,0.38565541259246133,0.16339734105741738,0.2468878597056532,0.5405968774626734,0.016230255438003716,0.11057456175618807
2026,9,88,2025-10-25T16:30:00Z,Man Utd,Brighton,1,36,MUN,BHA,1.4403806678302729,1.6366097979321323,0.3382456157585042,0.23830277679122003,0.42345160745027577,0.19463878984410896,0.23683758507047828,0.4868134596393692,0.4220261359783972,0.08393969421494252,0.05838404647419004
2026,9,84,2025-10-25T19:00:00Z,Brentford,Liverpool,94,14,BRE,LIV,1.4708958244158243,2.2299229667795846,0.2501401483139303,0.20206373704226005,0.54779611464381,0.10753671371610586,0.2297196045534906,0.6526646985963485,0.4323867883223257,0.18656317439111314,0.06204289287714737
2026,9,81,2025-10-26T14:00:00Z,Arsenal,Crystal Palace,3,31,ARS,CRY,1.6852554535755038,0.6909951389786705,0.6132746685230026,0.23695848147165952,0.14976685000533788,0.5010771794423858,0.18539706556298527,0.1526809253097826,0.5021615186200986,0.005501591985661802,0.09099630643520018
2026,9,82,2025-10-26T14:00:00Z,Aston Villa,Man City,7,43,AVL,MCI,0.9705107365218741,1.5872988558155348,0.23108709000367145,0.25146000309801514,0.5174529068983139,0.20447718882366947,0.37888947598484557,0.4709564033161431,0.25339421961671504,0.07707266011793612,0.017233123801656203
2026,9,83,2025-10-26T14:00:00Z,Bournemouth,Nott'm Forest,91,17,BOU,NFO,1.6422507254028733,0.9345102553435841,0.5400121662429206,0.24586201944603125,0.21412581431104838,0.3927781794498599,0.19354393744228826,0.24016658377906341,0.48860839089578556,0.015232676432827552,0.084743742898226615
2026,9,90,2025-10-26T14:00:00Z,Wolves,Burnley,39,90,WOL,BUR,1.8097775941817669,1.1747958009647168,0.5224530079033902,0.23065261863346168,0.2468943734631488,0.30888204666463803,0.16369053848272958,0.3282446219203573,0.5400659925916781,0.03162394272068192,0.11028447386636331
2026,9,86,2025-10-26T16:30:00Z,Everton,Spurs,11,6,EVE,TOT,1.3253976429342118,1.0843234747431534,0.42149184860170574,0.27345788810942484,0.3050502632888698,0.338130462331175,0.2656972854319362,0.29522673983737635,0.38214815872255725,0.02459987991540169,0.04567200259250903
2026,10,91,2025-11-01T15:00:00Z,Brighton,Leeds,36,2,BHA,LEE,2.036702673492696,1.1459603686336144,0.579306413107695,0.21175825497479528,0.20893533191751026,0.3179184522245591,0.1304581656306862,0.3177596010687569,0.6038373396503423,0.029270886708136934,0.14955945110611835
2026,10,92,2025-11-01T15:00:00Z,Burnley,Arsenal,90,3,BUR,ARS,0.5912014326932932,2.471423265426601,0.06901229097606565,0.1444965793979591,0.7864911296259753,0.08446455792662191,0.553661697720903,0.7067877685095518,0.11901271335909791,0.2363330408123927,0.003187275398850553
2026,10,93,2025-11-01T15:00:00Z,Crystal Palace,Brentford,31,94,CRY,BRE,1.709892254324765,1.2014875854427023,0.4929087743032422,0.238494810779081,0.2685964149176769,0.3007464928798563,0.18088528117395952,0.33791032955956424,0.5098203776253298,0.03389815117297901,0.09467477600268992
2026,10,94,2025-11-01T15:00:00Z,Fulham,Wolves,54,39,FUL,WOL,1.7540149678043235,1.1591083371736142,0.5130803751513946,0.23525914735028614,0.25166047749831966,0.3137658295143005,0.1730776454047373,0.32254558157547886,0.5233415739630242,0.030330459276419308,0.10143444586150585
2026,10,97,2025-11-01T15:00:00Z,Nott'm Forest,Man Utd,17,1,NFO,MUN,1.3415185237292617,1.201643486987042,0.39978105078190906,0.2665572539476879,0.33366169527040324,0.30069960969183723,0.2614483514632658,0.33796666278242093,0.3878138420502848,0.03391170644616737,0.04735104453576633
2026,10,99,2025-11-01T17:30:00Z,Spurs,Chelsea,6,8,TOT,CHE,1.4413567373758442,1.6023659614102939,0.3447692897909931,0.2401731536226265,0.41505755658638044,0.2014194032642925,0.23660652789872286,0.47583300097743164,0.4223590590073474,0.07913992043390583,0.058499243536718204
2026,10,95,2025-11-01T20:00:00Z,Liverpool,Aston Villa,14,7,LIV,AVL,2.0497210321708605,1.0805356842538398,0.5971874002037862,0.20929452165727977,0.1935180781389342,0.33941365838523935,0.12877082149412983,0.29383777200636674,0.6072849173594327,0.024328648112629137,0.15195821783262187
2026,10,100,2025-11-02T14:00:00Z,West Ham,Newcastle,21,4,WHU,NEW,0.9715677478576735,1.8794135546260216,0.19117236773507895,0.2224490238440328,0.5863786084208886,0.1526796177629054,0.37848919710064194,0.5603722390983703,0.25378290608382825,0.1217989767184613,0.017294207001217976
2026,10,96,2025-11-02T16:30:00Z,Man City,Bournemouth,43,91,MCI,BOU,1.8064723424835922,0.904874547702302,0.5863373275818611,0.22839287722106308,0.18526979519707631,0.4045926389955497,0.16423247203304728,0.22930177978967148,0.5390861095015428,0.013700885631001025,0.10975054939668571
2026,10,98,2025-11-03T20:00:00Z,Sunderland,Everton,56,11,SUN,EVE,0.6140012061720148,1.3399597571275081,0.17070472639108059,0.2845928072557093,0.5447024663532103,0.26185620621421013,0.5411811538572465,0.3872670153046661,0.1265329649168414,0.047187216928174625,0.0036425089411753486
2026,11,109,2025-11-08T12:30:00Z,Spurs,Man Utd,6,1,TOT,MUN,1.7907597264298336,1.2174760055997542,0.5082997187651754,0.23204353094239163,0.2596567502924332,0.2959762673927276,0.16683337378460542,0.3436797288296497,0.5344081394175084,0.035304787054663334,0.10722833812741583
2026,11,105,2025-11-08T15:00:00Z,Everton,Fulham,11,54,EVE,FUL,1.3297149397446433,0.9196443993367351,0.4616351452381068,0.2796546124446441,0.2587102423172494,0.3986607799195658,0.2645526640021123,0.23471306659219082,0.3836677063250341,0.014451466028135407,0.04611834595587416
2026,11,110,2025-11-08T15:00:00Z,West Ham,Burnley,21,90,WHU,BUR,1.8046623014987644,1.2501433247646128,0.5041401244895494,0.2307978752017276,0.2650620003087234,0.28646373657016816,0.16453000873404466,0.35541553536950754,0.5385488870383623,0.038282422568379104,0.10945865197203952
2026,11,108,2025-11-08T17:30:00Z,Sunderland,Arsenal,56,3,SUN,ARS,0.43311072263616934,2.170380635381373,0.06047073238382228,0.1617519800720625,0.7777772875441152,0.11413416514024462,0.6484886854529758,0.6381512530039487,0.07064391136910642,0.17485504649564165,0.0010394888590754547
2026,11,103,2025-11-08T20:00:00Z,Chelsea,Wolves,8,39,CHE,WOL,2.1325564500813803,0.9186950693554239,0.6521571818684518,0.19654624222165434,0.15129657590989395,0.39903942024918815,0.11853388023899301,0.2343650318894357,0.6286859289041684,0.014402458502473348,0.16755308286028814
2026,11,101,2025-11-09T14:00:00Z,Aston Villa,Bournemouth,7,91,AVL,BOU,1.228143608025684,1.173661719426788,0.3750233575284625,0.27637060094635957,0.3486060415251783,0.3092325427991901,0.29283569123606806,0.3278330593163946,0.3475200263705722,0.031529364725348286,0.03626183341710609
2026,11,102,2025-11-09T14:00:00Z,Brentford,Newcastle,94,4,BRE,NEW,1.2907275086562071,1.616348608119773,0.3057810087172653,0.24380580315163453,0.4504131881311004,0.19862262565203073,0.27507059404071615,0.4803339698342146,0.36988822340852745,0.08108285914151458,0.042175742517868486
2026,11,104,2025-11-09T14:00:00Z,Crystal Palace,Brighton,31,36,CRY,BHA,1.6608740257781796,1.3004540073359325,0.45906696455304896,0.24049938030105414,0.3004336551458971,0.27240808968393937,0.1899728663359065,0.3733377184558557,0.4945061343641566,0.04314077246769832,0.08742490575495276
2026,11,107,2025-11-09T14:00:00Z,Nott'm Forest,Leeds,17,2,NFO,LEE,1.4312015162825944,1.1151834722287683,0.4428244161392467,0.26313633932176617,0.2940392445389873,0.32785512107133585,0.23902156134607783,0.3065262666243487,0.4188904176311826,0.026877716182011513,0.05730666749991842
2026,11,106,2025-11-09T16:30:00Z,Man City,Liverpool,43,14,MCI,LIV,1.8539569748387348,1.354758290960522,0.4922716267978937,0.22650782577136305,0.28122054743074365,0.2580096501802716,0.15661621216300897,0.39244963709018166,0.5530240689245574,0.04875528990183675,0.11753155839531049
2026,12,114,2025-11-22T12:30:00Z,Burnley,Chelsea,90,8,BUR,CHE,0.9550805834195193,2.151775061676112,0.15645328705186778,0.19622552165979235,0.6473211912883402,0.11627757461232781,0.3847811363238893,0.6335192401046816,0.24772187150706493,0.1712496271345494,0.01635674904366935
2026,12,112,2025-11-22T15:00:00Z,Bournemouth,West Ham,91,21,BOU,WHU,2.020142983600256,0.9248551760021236,0.62797136204662,0.20751523183152729,0.16451340612185297,0.3965888504990107,0.13263649888009105,0.23662389837224684,0.5994188085379897,0.014722341492029889,0.14652946179112092
2026,12,113,2025-11-22T15:00:00Z,Brighton,Brentford,36,94,BHA,BRE,2.0177554323856,1.552324068591805,0.4865067724044162,0.2147689870214128,0.2987242405741714,0.21175526774023928,0.13295355365574568,0.4595319334954855,0.5987786912004031,0.07238045175933294,0.14609459216619647
2026,12,115,2025-11-22T15:00:00Z,Fulham,Sunderland,54,56,FUL,SUN,1.8129957117689426,0.7567941134501552,0.6253786662025027,0.22360413083511366,0.15101720296238394,0.4691681183579597,0.1631646097860669,0.17576821145025068,0.541018652359341,0.007520127283023537,0.11080543920559183
2026,12,117,2025-11-22T15:00:00Z,Liverpool,Nott'm Forest,14,17,LIV,NFO,2.4587417026204568,0.959074636908426,0.7024798996020434,0.1695466195745334,0.12797348082342364,0.38324736490538414,0.08554252120572625,0.2491898077518735,0.7041305145584598,0.016580853731254508,0.23364186002364307
2026,12,120,2025-11-22T15:00:00Z,Wolves,Crystal Palace,39,31,WOL,CRY,1.0579507356963807,1.6016966701011088,0.2507701576065534,0.24930288827888075,0.49992695411456595,0.2015542566434619,0.347166517819976,0.47561696164600087,0.2855484092432298,0.07904750945401229,0.022749085634924948
2026,12,119,2025-11-22T17:30:00Z,Newcastle,Man City,4,43,NEW,MCI,1.145474335876537,1.3946779328679249,0.30866531809847597,0.2650254889407253,0.426309192960799,0.24791286809738314,0.3180730085630987,0.4063285254932001,0.31758252319283353,0.053126869509746766,0.02923214595677115
2026,12,116,2025-11-23T14:00:00Z,Leeds,Aston Villa,2,7,LEE,AVL,1.0844425439123664,1.3823216904018276,0.2946405733912193,0.26847026037534766,0.43688916623343327,0.2509951430585723,0.33809020381476124,0.40204882650605356,0.29527039548850864,0.051751706242757045,0.024608435597290867
2026,12,111,2025-11-23T16:30:00Z,Arsenal,Spurs,3,6,ARS,TOT,2.146793859370207,0.7648716631116846,0.6918689187260771,0.18776717167016266,0.12036390960376052,0.4653936543153141,0.11685822169480249,0.17863992730690714,0.6322712655538731,0.0077971879027072255,0.17028880715847328
2026,12,118,2025-11-24T20:00:00Z,Man Utd,Everton,1,11,MUN,EVE,0.9909785268056395,1.1225181389693566,0.3175884893477745,0.29753794468176825,0.38487356597045763,0.32545921036349834,0.37121327110659263,0.3092069225088312,0.26092234836149364,0.027437004000443355,0.01844000365191434
2026,13,122,2025-11-29T15:00:00Z,Brentford,Burnley,94,90,BRE,BUR,2.397493413625031,1.075158481197393,0.6660474178087308,0.17999171475971953,0.15396086743154974,0.34124367030990627,0.09094563090268676,0.2918653034014709,0.6910128180101487,0.023946726785519568,0.2207533413124
2026,13,126,2025-11-29T15:00:00Z,Man City,Leeds,43,2,MCI,LEE,2.37175410006107,0.7167597465102911,0.7426752742995801,0.16288678954223942,0.09443793615818055,0.4883320146831385,0.09331689546021621,0.16165125425971527,0.6853583751270458,0.00624243880206099,0.2153945006548439
2026,13,128,2025-11-29T15:00:00Z,Sunderland,Bournemouth,56,91,SUN,BOU,0.7063746105636212,1.6821696681293539,0.15375915033178333,0.2378001683554529,0.608440681312764,0.18597004472036852,0.49342983399903345,0.5011967868703682,0.15802385916942718,0.09054048874065523,0.005936321708029935
2026,13,125,2025-11-29T17:30:00Z,Everton,Newcastle,11,4,EVE,NEW,0.958205140322124,1.0801646046846083,0.31622963266066906,0.30420517772404887,0.3795651896152824,0.33953963123091335,0.38358074209503934,0.2937016772257893,0.2488702191009191,0.024302174129264942,0.016531903908671985
2026,13,129,2025-11-29T20:00:00Z,Spurs,Fulham,6,54,TOT,FUL,1.8185453115644685,1.317936451392209,0.49226110561022585,0.2292689634255978,0.2784699309641769,0.26768711779989857,0.16226161943601997,0.379518272083495,0.542658273291748,0.04490635254535513,0.11170641662754555
2026,13,124,2025-11-30T12:00:00Z,Crystal Palace,Man Utd,31,1,CRY,MUN,1.6177959332520155,0.9557312962671781,0.5287125516028797,0.24840511861989212,0.22288232977722847,0.3845308357406812,0.19833536206614175,0.2479610101621762,0.480798495763188,0.01639313002625431,0.08128530903996789
2026,13,121,2025-11-30T14:05:00Z,Aston Villa,Wolves,7,39,AVL,WOL,1.745493708081544,0.9506239496190549,0.5608599340917741,0.23536616264400737,0.2037739032642189,0.3864997918062676,0.17455878660550897,0.24608424957991604,0.5207499496842263,0.01610894156816256,0.10011201030252115
2026,13,127,2025-11-30T14:05:00Z,Nott'm Forest,Brighton,17,36,NFO,BHA,1.377240000031038,1.6350642635067263,0.3234147810895871,0.24027196157183792,0.4363132573385754,0.19493984337870657,0.25227386895292825,0.486320985179172,0.4002844677625108,0.08372005366420765,0.0511918764784044
2026,13,130,2025-11-30T14:05:00Z,West Ham,Liverpool,21,14,WHU,LIV,1.1071856250656396,2.5928487384986627,0.14095228565935924,0.16615808399520446,0.6928896303454365,0.07480663172559274,0.33048776994977225,0.7312310875733701,0.30360092190183985,0.262443302336798,0.026275711809265467
2026,13,123,2025-11-30T16:30:00Z,Chelsea,Arsenal,8,3,CHE,ARS,0.9200157358826385,1.4634290837607387,0.23702492236879769,0.26501847109439,0.49795660653681256,0.23144128092061103,0.3985127700849944,0.4298608173973274,0.23484921048663066,0.061136673033984734,0.014470664299656377
2026,14,132,2025-12-02T19:30:00Z,Bournemouth,Everton,91,11,BOU,EVE,1.1610467222160488,0.9121350370603065,0.4146851629942594,0.29870027432990176,0.286614562675839,0.4016657366749259,0.3131582196047726,0.23196087171723523,0.32325045598809266,0.014066681907780376,0.030488560267898368
2026,14,135,2025-12-02T19:30:00Z,Fulham,Man City,54,43,FUL,MCI,0.975248636183935,1.9354144592077773,0.1850575308922907,0.21714710628014666,0.5977953628275632,0.14436442325813104,0.3770985815537979,0.5762305845728906,0.25513654107896444,0.13141446059195594,0.017507974099415735
2026,14,139,2025-12-02T20:15:00Z,Newcastle,Spurs,4,6,NEW,TOT,1.8056885921155577,1.1234291847848905,0.5334193996270515,0.23093946289582498,0.2356411374771238,0.32516283713706284,0.16436123974772684,0.30953974181570443,0.5388535446538327,0.027506955401973343,0.10962411448529819
2026,14,131,2025-12-03T19:30:00Z,Arsenal,Brentford,3,94,ARS,BRE,2.2416143410575,0.7533539381991182,0.7119588583834339,0.17766446549497086,0.11037667612159546,0.4707849183504278,0.10628678269069314,0.17454740936552704,0.6554592409649871,0.00740412295488313,0.1888913284634055
2026,14,133,2025-12-03T19:30:00Z,Brighton,Aston Villa,36,7,BHA,AVL,1.589992403522363,1.3302031218334802,0.43542502468421895,0.24448746769442056,0.32008750762136096,0.26442354564919035,0.20392716085644652,0.38383942844197894,0.47183020250992047,0.046168969379234426,0.07744020843247901
2026,14,134,2025-12-03T19:30:00Z,Burnley,Crystal Palace,90,31,BUR,CRY,0.9428784345044294,1.8851893572011031,0.1840912582005485,0.22125395180895632,0.5946547899904955,0.15180031222552184,0.38950505541831687,0.5620273547471197,0.24323902769729955,0.12277633813481525,0.015683892281808665
2026,14,140,2025-12-03T19:30:00Z,Wolves,Nott'm Forest,39,17,WOL,NFO,1.3301642585818543,1.3281685954154236,0.37020137614631765,0.260523311185232,0.3692753126684508,0.2649620699735928,0.26443382220766964,0.3831236297112173,0.3838257587314997,0.045958198247831206,0.04616493820747314
2026,14,136,2025-12-03T20:15:00Z,Leeds,Chelsea,2,8,LEE,CHE,1.0480190599982058,1.6888511389673242,0.23501344578191874,0.24130791309437466,0.5236786411237067,0.18473163310248808,0.35063164184953866,0.5032841379290811,0.28189971445368023,0.09152882996421452,0.022074816236891337
2026,14,137,2025-12-03T20:15:00Z,Liverpool,Sunderland,14,56,LIV,SUN,2.937795866877718,0.6214769740094923,0.8391408651237743,0.10953971991296779,0.05131941496325816,0.5371504941030764,0.0529823803527132,0.12902284223404004,0.7913662016297427,0.003800869205884516,0.3388348114569071
2026,14,138,2025-12-04T20:00:00Z,Man Utd,West Ham,1,21,MUN,WHU,1.7242357947524627,1.1381721661827156,0.5108887337507615,0.23784454083903472,0.2512667254102042,0.3204041324193607,0.17830926459468047,0.3149208021310017,0.5142435188551835,0.028653770153430624,0.09684823493194616
2026,15,141,2025-12-06T12:30:00Z,Aston Villa,Arsenal,7,3,AVL,ARS,0.7530312636075239,1.5142899771608695,0.18578941620942824,0.2599722700662929,0.554238313724279,0.21996430909856438,0.4709368531931237,0.446945942300364,0.1744329731675074,0.06744879387831104,0.0073933030293920066
2026,15,142,2025-12-06T15:00:00Z,Bournemouth,Chelsea,91,8,BOU,CHE,1.3230734252535934,1.286331864267813,0.37694111998785707,0.2633054908889253,0.35975338912321797,0.2762823678661054,0.26631554196349255,0.3683268188123615,0.3813294417326024,0.0417436733876797,0.045432718919464876
2026,15,144,2025-12-06T15:00:00Z,Everton,Nott'm Forest,11,17,EVE,NFO,1.30816167051711,0.8123032954189093,0.4824720596472325,0.28560931492857766,0.23191862542419028,0.44383460579527145,0.270316530751329,0.195637081296277,0.3760657448126229,0.0095596143016341,0.043914268365910725
2026,15,147,2025-12-06T15:00:00Z,Man City,Sunderland,43,56,MCI,SUN,2.653773995014112,0.4785286010395233,0.8347811939955645,0.11928062516398458,0.045938180840451114,0.6196945392118902,0.07038507824621014,0.083763899867212,0.7428288314669639,0.0014946007273727302,0.27574411241020214
2026,15,148,2025-12-06T15:00:00Z,Newcastle,Burnley,4,90,NEW,BUR,2.4248116692691157,0.7444134914083276,0.7449296903194709,0.15985622417958553,0.0952140855009438,0.47501281735403295,0.08849478376010377,0.17138123281574535,0.6969220319089495,0.007108171554464082,0.22647891974188084
2026,15,149,2025-12-06T15:00:00Z,Spurs,Brentford,6,94,TOT,BRE,1.8927023629142214,1.5305372043540872,0.46369739100135554,0.22197594171794113,0.3143266672807036,0.21641937465196917,0.15066410910721245,0.45234272070014614,0.5641735755792004,0.06953351734517099,0.12405266447306174
2026,15,146,2025-12-06T17:30:00Z,Leeds,Liverpool,2,14,LEE,LIV,1.0858482164090186,2.250862515460106,0.17125055854346716,0.19239863827573714,0.6363508031807958,0.10530835529490375,0.3376152935762002,0.6576570152070426,0.2957857420616756,0.19073950145245244,0.0247095758522623
2026,15,143,2025-12-07T14:00:00Z,Brighton,West Ham,36,21,BHA,WHU,2.3461503851926353,1.1684790082743293,0.6359604114015427,0.18754808341176246,0.17649150518669549,0.3108393660010522,0.09573700432552662,0.3259513598814171,0.67964958609895,0.031099268677950986,0.21010001572776404
2026,15,145,2025-12-07T16:30:00Z,Fulham,Crystal Palace,54,31,FUL,CRY,1.206835951929021,1.4084199706240397,0.3222589284607398,0.26143008275813373,0.4163109887811265,0.2445293416243093,0.2991422841884946,0.41107065022846523,0.3398420525106617,0.05467939575245129,0.03436498646530839
2026,15,150,2025-12-08T20:00:00Z,Wolves,Man Utd,39,1,WOL,MUN,1.3314215881553562,1.3890595454768593,0.35829996274919096,0.2569277852299599,0.38477225202084936,0.24930965881096268,0.2641015506739601,0.4043843798380905,0.38426794329342373,0.052499137553624675,0.046295457076548474
2026,16,154,2025-12-13T15:00:00Z,Chelsea,Everton,8,11,CHE,EVE,1.30426411078191,0.9034986986532899,0.45844302857010766,0.28305943796740957,0.25849753346248283,0.405149680507795,0.2713721614328264,0.22879811039361597,0.37468686774502336,0.013632256173193413,0.043522163389613344
2026,16,156,2025-12-13T15:00:00Z,Liverpool,Brighton,14,36,LIV,BHA,2.526598194894852,1.3648321741190315,0.6269784287346092,0.18054202956683468,0.19247954169855677,0.25542353907167453,0.07993046618903664,0.39596619677595457,0.7181173622206394,0.049839003013864014,0.248124405719383
2026,16,153,2025-12-13T17:30:00Z,Burnley,Fulham,90,54,BUR,FUL,1.2050155746355844,1.7698221612768767,0.2599934345511895,0.23375020408597108,0.5062563613628396,0.1703632833203352,0.2996873319559142,0.5281240023914442,0.33918476551622456,0.1039088313848352,0.0342056757512601
2026,16,151,2025-12-13T20:00:00Z,Arsenal,Wolves,3,39,ARS,WOL,2.4493497110526503,0.5686785498942757,0.7883465130755538,0.14473235612234753,0.06692113080209877,0.5662732463367166,0.08634972051458491,0.1116993050925954,0.7021496164935395,0.0027772269996064747,0.23165359093622984
2026,16,155,2025-12-14T14:00:00Z,Crystal Palace,Man City,31,43,CRY,MCI,1.0388209560176365,1.514387526457434,0.25991795304469,0.25773009375728073,0.4823519531980295,0.21994285278148387,0.3538716663477434,0.4469784344327732,0.2785190309093397,0.06746121248967163,0.02146137331757836
2026,16,158,2025-12-14T14:00:00Z,Nott'm Forest,Spurs,17,6,NFO,TOT,1.3579104402370896,1.5337289868658255,0.3371913396123719,0.24710446989403567,0.4157041904935929,0.21572971228838236,0.2571976457001184,0.4533993746467009,0.39355098599929084,0.06994692118551038,0.04909297139776003
2026,16,159,2025-12-14T14:00:00Z,Sunderland,Newcastle,56,4,SUN,NEW,0.6361449240690448,1.8255276522014856,0.1231584223861607,0.21709143625198504,0.6597501413618546,0.16113259972384053,0.5293290996226991,0.5447153838091752,0.13394088049028297,0.1128446207880558,0.004124996164113659
2026,16,160,2025-12-14T14:00:00Z,West Ham,Aston Villa,21,7,WHU,AVL,1.1057523304685453,1.5923456126439917,0.26418687475621827,0.24949347006657727,0.4863196551772049,0.20344784179155861,0.3309617959131224,0.47259287992976406,0.30307642695988724,0.0777620352616607,0.02616869091246765
2026,16,152,2025-12-14T16:30:00Z,Brentford,Leeds,94,2,BRE,LEE,1.8817066683138064,1.1797816858335706,0.5376878845190975,0.22482832272454925,0.23748379275635323,0.3073458292259609,0.15232990715789738,0.3300531902359183,0.561029890759464,0.032041725052747716,0.12218660822594929
2026,16,157,2025-12-15T20:00:00Z,Man Utd,Bournemouth,1,91,MUN,BOU,1.1400662798586365,1.4091960264143804,0.3045702194604516,0.2640622960457469,0.43136748449380174,0.24433964682922613,0.31979782495921877,0.41133789376353525,0.31561145843264116,0.05476779724078673,0.02880313526311795
2026,17,168,2025-12-20T12:30:00Z,Newcastle,Chelsea,4,8,NEW,CHE,1.4358284835674733,1.1584412489986278,0.43422223145829797,0.26122936125821167,0.30454840728349075,0.31397520881834856,0.23791817104528454,0.3223029581235187,0.42047214220961804,0.03027616180392123,0.05784839907107042
2026,17,162,2025-12-20T15:00:00Z,Bournemouth,Burnley,91,90,BOU,BUR,2.2343921419385957,0.8265959063673844,0.6933079877197676,0.1825182469661469,0.12417376531408546,0.43753616822740954,0.1070571856520953,0.20079822622814258,0.6537350799888015,0.0101372503469217,0.18745204138299654
2026,17,163,2025-12-20T15:00:00Z,Brighton,Sunderland,36,56,BHA,SUN,2.278882364049234,0.7650747893124137,0.7157553725837809,0.174761501788954,0.10948312562726538,0.4652991302709496,0.10239858712808272,0.17871223566975414,0.6642470785621706,0.007804240186045863,0.1963735081657657
2026,17,167,2025-12-20T15:00:00Z,Man City,West Ham,43,21,MCI,WHU,2.7321080626354104,0.730844399769182,0.7927602564573384,0.1330123018542127,0.07422744168844912,0.48150223800505515,0.06508194813361007,0.1665945478726225,0.7571071366385342,0.006674083167236056,0.29299875777509454
2026,17,170,2025-12-20T15:00:00Z,Wolves,Brentford,39,94,WOL,BRE,1.4072154676834514,1.7462416537467575,0.3110605440607047,0.23270074962205367,0.45623870631724184,0.17442827493164706,0.24482405539152396,0.5209778057915195,0.41065574700053353,0.1002277632533134,0.05454234279163839
2026,17,169,2025-12-20T17:30:00Z,Spurs,Liverpool,6,14,TOT,LIV,1.4933837582031784,2.135597031241607,0.26823957786852304,0.20804339505676261,0.5237170270747145,0.11817401573175984,0.2246113377515525,0.6294539071015949,0.4399577385419904,0.16813601447853355,0.06481479424074399
2026,17,164,2025-12-21T14:00:00Z,Everton,Arsenal,11,3,EVE,ARS,0.6523810928240051,1.2842140945959766,0.1892401363439461,0.29278496328341,0.5179749003726444,0.2768680902793056,0.5208042160304376,0.367574005840139,0.13943296036827635,0.04153640806796244,0.004504967927394077
2026,17,166,2025-12-21T14:00:00Z,Leeds,Crystal Palace,2,31,LEE,CRY,1.0346295252741673,1.4796175723861007,0.2645659782528179,0.2611035893268557,0.4743304324203265,0.2277247599700432,0.35535800770172477,0.435329683510874,0.2769781054874658,0.06311037054371449,0.021185342061109225
2026,17,161,2025-12-21T16:30:00Z,Aston Villa,Man Utd,7,1,AVL,MUN,1.5114137942899277,1.0017457001780383,0.490483001339167,0.25869117529640534,0.25082582336442777,0.36723779419006747,0.2205978773689534,0.2648833245371651,0.4459874477845326,0.01909537831495356,0.06708317282080101
2026,17,165,2025-12-22T20:00:00Z,Fulham,Nott'm Forest,54,17,FUL,NFO,1.5173580347963307,1.1678985222718095,0.45310609448387207,0.2544140068442028,0.29247989867192553,0.31101985628302087,0.219290480122135,0.3257405131668485,0.4479673479101983,0.031051312822312105,0.06783994496852996
2026,18,171,2025-12-27T15:00:00Z,Arsenal,Brighton,3,36,ARS,BHA,2.1773530030665564,0.8154076327907848,0.685418322683204,0.18742927286126781,0.12715240445552886,0.4424589298275008,0.11334114759304312,0.19675668159471282,0.6398751643242346,0.009683211049912765,0.17621282533765537
2026,18,172,2025-12-27T15:00:00Z,Brentford,Bournemouth,94,91,BRE,BOU,1.4332223786978215,1.4894173738881749,0.3642248785555692,0.24654722091220732,0.3892279005322238,0.22550400179261026,0.23853901939599045,0.43862642005616603,0.41958151981304226,0.06432125768769292,0.05754293588236892
2026,18,173,2025-12-27T15:00:00Z,Burnley,Everton,90,11,BUR,EVE,0.8381191547391882,1.5258188653707716,0.20628432508098749,0.2586956827461312,0.5350199921728815,0.21744292745976962,0.43252326820509823,0.4507785516806656,0.2049706958418136,0.068924709393411,0.010619055033745273
2026,18,174,2025-12-27T15:00:00Z,Chelsea,Aston Villa,8,7,CHE,AVL,1.5379320931289426,1.042891607679047,0.4874227934960039,0.255442549207274,0.25713465729672225,0.35243410595006475,0.21482488026815907,0.2800153226947445,0.4547890419648565,0.021731549514965143,0.0704932400194731
2026,18,175,2025-12-27T15:00:00Z,Crystal Palace,Spurs,31,6,CRY,TOT,1.6375636631756036,1.2198566451811743,0.47130743232340966,0.24382507062683723,0.2848674970497533,0.2952724926248296,0.19445321918621597,0.34453739510756287,0.4871172548869156,0.03551708059683034,0.08407539210612991
2026,18,176,2025-12-27T15:00:00Z,Liverpool,Wolves,14,39,LIV,WOL,2.842222896285544,0.9518561642238211,0.7630842904349318,0.13927634634842928,0.0976393632166394,0.38602383441910926,0.05829593601018388,0.24653699925174588,0.7760140199012745,0.016177220579013052,0.31746959319542833
2026,18,177,2025-12-27T15:00:00Z,Man Utd,Newcastle,1,4,MUN,NEW,1.0267177871181847,1.5292906312195416,0.25438824712722985,0.25653460268203504,0.4890771501907351,0.21668932545195557,0.35818065852361847,0.45192971924908654,0.27406888836847765,0.06937240296062364,0.0206702685245721
2026,18,178,2025-12-27T15:00:00Z,Nott'm Forest,Man City,17,43,NFO,MCI,0.8614173930666629,1.9040434430152569,0.16401594100008565,0.21708647695047337,0.6188975820494412,0.14896506806859638,0.4225627201824079,0.5673989708370712,0.21343440299090455,0.12598995036605243,0.011637753803738105
2026,18,179,2025-12-27T15:00:00Z,Sunderland,Leeds,56,2,SUN,LEE,0.927413522689195,1.3324626137151199,0.2604136686884899,0.2790869097675334,0.46049942154397683,0.263826757267632,0.3955755354854516,0.3846339521755545,0.23756236366032102,0.04640367796002831,0.014856499087031572
2026,18,180,2025-12-27T15:00:00Z,West Ham,Fulham,21,54,WHU,FUL,1.3482584208075723,1.6001192244713762,0.322671191206246,0.24329842268728177,0.4340303861064726,0.20187244842389424,0.2596921414685745,0.47510756596192616,0.3901757419788686,0.0788299205600097,0.04806304957389418
2026,19,181,2025-12-30T20:00:00Z,Arsenal,Aston Villa,3,7,ARS,AVL,1.7663933481246061,0.6455570590663353,0.6441720495079031,0.22496521838826675,0.13086273210383062,0.5243703554709089,0.17094842979252248,0.13711865998972228,0.5270894009496194,0.0043425165894932505,0.1033697687697912
2026,19,182,2025-12-30T20:00:00Z,Brentford,Spurs,94,6,BRE,TOT,1.7853454606475831,1.6225719039038848,0.421059811339203,0.22540329232261186,0.3535368963381854,0.19739037660535053,0.1677391037303846,0.4823295442138009,0.5327886488514793,0.0819551415819666,0.10636538430103226
2026,19,183,2025-12-30T20:00:00Z,Burnley,Newcastle,90,4,BUR,NEW,0.8683456004531114,2.0787374517546673,0.1468025510283406,0.1996202717998744,0.6535771771717851,0.1250880422318331,0.41964523616031896,0.6148867596141858,0.21595766926876125,0.15735674617072593,0.011952331548817141
2026,19,184,2025-12-30T20:00:00Z,Chelsea,Bournemouth,8,91,CHE,BOU,1.500484109908367,1.1342416053800062,0.4564654498708911,0.2567221815729429,0.2868123685561663,0.3216659786002895,0.223022166769488,0.31348708543598724,0.4423366158355615,0.02834528999092134,0.06570323006593326
2026,19,185,2025-12-30T20:00:00Z,Crystal Palace,Fulham,31,54,CRY,FUL,1.6428977969863858,1.0345937885374084,0.5157101113591527,0.24565576208804435,0.23863412655280306,0.35537070726422026,0.19341874117005162,0.2769649663720717,0.4888140350657907,0.021182997996321395,0.08483621594700874
2026,19,186,2025-12-30T20:00:00Z,Liverpool,Leeds,14,2,LIV,LEE,2.6255926109384604,0.9308736769032439,0.7356201782704104,0.15444127155130055,0.10993855017828934,0.394209148447575,0.07239684115931797,0.23883193206813402,0.7375185476374913,0.015039170719056694,0.2695773000764734
2026,19,187,2025-12-30T20:00:00Z,Man Utd,Wolves,1,39,MUN,WOL,1.6203141923184334,1.141398300927613,0.48497013774876674,0.24654972430860536,0.26848013794262815,0.31937213109809787,0.19783653059947615,0.31609706110290225,0.4816061311111527,0.028908451982320282,0.08163815673548414
2026,19,188,2025-12-30T20:00:00Z,Nott'm Forest,Everton,17,11,NFO,EVE,0.947537895204089,1.1214580876186242,0.3048040563240323,0.3006942080771827,0.39450173559878515,0.3258043967643836,0.38769439355005875,0.30881962750249115,0.24495047680309268,0.02735574580317368,0.015938732896087604
2026,19,189,2025-12-30T20:00:00Z,Sunderland,Man City,56,43,SUN,MCI,0.5581954252569097,2.2750217931734125,0.07496959533834258,0.16086480459590716,0.7641656000657504,0.10279466818884572,0.5722407839264756,0.6633452214595005,0.10833702834033798,0.1955942271458131,0.0025993186294890336
2026,19,190,2025-12-30T20:00:00Z,West Ham,Brighton,21,36,WHU,BHA,1.3630107699113068,2.0113028714591263,0.2589284012506613,0.2157997748493594,0.5252718238999797,0.13381421832050927,0.2558891925233354,0.5970448601293918,0.3953310821634506,0.1449218507530463,0.049642087648731126
2026,20,191,2026-01-03T15:00:00Z,Aston Villa,Nott'm Forest,7,17,AVL,NFO,1.5099864888607044,0.9578330777116928,0.5008163896103077,0.259510462330527,0.23967314805916556,0.38372348470020085,0.22091296272502595,0.24873346895915016,0.44551144834599643,0.016510985681057688,0.06690211731784412
2026,20,192,2026-01-03T15:00:00Z,Bournemouth,Arsenal,91,3,BOU,ARS,0.8189915261053574,1.4774176692682401,0.20816751896536367,0.2645417383062651,0.5272907427283716,0.22822628382920263,0.4408760423710607,0.4345881718501049,0.19805021486417407,0.06284021135242102,0.009827184884669049
2026,20,193,2026-01-03T15:00:00Z,Brighton,Burnley,36,90,BHA,BUR,2.5949747255701974,1.0443364431293012,0.7066092767889478,0.16297002966850946,0.13042069354254288,0.35192526434462384,0.07464776273023246,0.2805463568423725,0.7316431796644534,0.021827943753265244,0.2629054208451911
2026,20,194,2026-01-03T15:00:00Z,Everton,Brentford,11,94,EVE,BRE,1.3839383558124816,1.0679953244133036,0.4411229756917907,0.2689465766028813,0.28993044770532805,0.34369682790871176,0.25058969571720036,0.28923656686910015,0.4026096128083875,0.02344363887144174,0.051930508161629585
2026,20,195,2026-01-03T15:00:00Z,Fulham,Liverpool,54,14,FUL,LIV,1.2665796151073043,2.1425534388529366,0.2203080681843853,0.20553208228064762,0.5741598495349673,0.11735480180584398,0.28179381861860564,0.6312062640191403,0.3612918750558234,0.1694723728765084,0.039833271339876464
2026,20,196,2026-01-03T15:00:00Z,Leeds,Man Utd,2,1,LEE,MUN,1.302072052330694,1.2831873543499779,0.37204641226183965,0.264777761533654,0.3631758262045065,0.27715250787693924,0.2719676775373143,0.36720889878898977,0.3739108104040626,0.0414361321716481,0.043302507187728545
2026,20,197,2026-01-03T15:00:00Z,Man City,Chelsea,43,8,MCI,CHE,1.7893681793512504,1.016492596504238,0.5550399589166342,0.2317572458177913,0.21320279526557467,0.36186191271992035,0.16706569188180181,0.27030813204341775,0.5339922752036015,0.020016094047573763,0.1070062438435454
2026,20,198,2026-01-03T15:00:00Z,Newcastle,Crystal Palace,4,31,NEW,CRY,1.4174842796571712,1.0149207286814845,0.46260146145437797,0.2675723972038785,0.26982614134174354,0.36243115908962437,0.24232286729404579,0.2697299448302589,0.4141882777151935,0.019916678589279924,0.05571675247238539
2026,20,199,2026-01-03T15:00:00Z,Spurs,Sunderland,6,56,TOT,SUN,2.137645606603554,0.7543369666478646,0.692711313176505,0.18811587615105133,0.11917281067244379,0.47032235077824003,0.11793217515361125,0.1748961137890095,0.6299706287520708,0.007437150092547751,0.16852916647084448
2026,20,200,2026-01-03T15:00:00Z,Wolves,West Ham,39,21,WOL,WHU,1.6362434507987629,1.3144463563129138,0.4500752979236141,0.2418566579162631,0.30806804416012296,0.2686230035075909,0.1947101082696636,0.3782864683100251,0.4866967522697814,0.04455069790992838,0.08388760592455635
2026,21,201,2026-01-07T20:00:00Z,Arsenal,Liverpool,3,14,ARS,LIV,1.7686829766177585,1.0511736854976852,0.5418933429565055,0.23394064220328947,0.22416601484020524,0.34952727318187415,0.1705574691449267,0.2830588548855789,0.5277804386434328,0.022287644715814237,0.10372959105138302
2026,21,202,2026-01-07T20:00:00Z,Bournemouth,Spurs,91,6,BOU,TOT,1.6638885617979882,1.2474545074136334,0.4715090120344053,0.24133740342150356,0.2871535845440912,0.2872350216932127,0.18940104860315596,0.3544523558085363,0.4954567130335079,0.038032076302319084,0.08786272824050323
2026,21,203,2026-01-07T20:00:00Z,Brentford,Sunderland,94,56,BRE,SUN,2.1054561358140984,0.7876548346955518,0.6784483352306104,0.19317329882522882,0.12837836594416108,0.45491038535391104,0.12179010876692445,0.1867772502688645,0.6217861594482879,0.00861451044763517,0.16238962670034107
2026,21,204,2026-01-07T20:00:00Z,Burnley,Man Utd,90,1,BUR,MUN,1.186604120917781,1.6349164735956356,0.2771867288932718,0.24462722496914877,0.4781860461375795,0.19496865564985658,0.3052561188200246,0.4862738773933981,0.3325257126527664,0.08369906562638185,0.032618625482036645
2026,21,205,2026-01-07T20:00:00Z,Crystal Palace,Aston Villa,31,7,CRY,AVL,1.3473960478965268,1.0295675814972611,0.44016564708404204,0.2737892449182945,0.28604510799766364,0.3571613703669248,0.2599161895291924,0.2751168613401528,0.3898737639148492,0.020854900056538006,0.047971618755800804
2026,21,206,2026-01-07T20:00:00Z,Everton,Wolves,11,39,EVE,WOL,1.5121909910358802,0.8061894968427138,0.5397376089727934,0.26035788596760884,0.1999045050595981,0.446556433049892,0.22042649602363687,0.19343446087773852,0.4462465425038131,0.009319204144532245,0.06718186832445017
2026,21,207,2026-01-07T20:00:00Z,Fulham,Chelsea,54,8,FUL,CHE,1.2224540756050197,1.607585443647357,0.29057018625788933,0.24604848364595627,0.4633813300961545,0.2003708371334077,0.29450653805664573,0.47751592175949087,0.3454727442036828,0.07986243942511306,0.035749549256801516
2026,21,208,2026-01-07T20:00:00Z,Man City,Brighton,43,36,MCI,BHA,2.282330321537158,1.0509017361034774,0.6502740636767603,0.18849724873333593,0.1612286875899039,0.349622339838149,0.1020461291321152,0.28295893624538027,0.6650508961541619,0.022269248357324578,0.19707030598515418
2026,21,209,2026-01-07T20:00:00Z,Newcastle,Leeds,4,2,NEW,LEE,1.9031477882434962,0.8168520448007608,0.6298588837120558,0.21566997857039694,0.1544711377175478,0.44182029816998764,0.14909854911018042,0.19727788783537603,0.5671448769204654,0.009741070862796852,0.12583649135243624
2026,21,210,2026-01-07T20:00:00Z,West Ham,Nott'm Forest,21,17,WHU,NFO,1.326404581414345,1.4133529438538153,0.3522365103733244,0.25572383553776645,0.39203965408890945,0.24332605525798412,0.2654298792645419,0.41276834822680797,0.38250271283471327,0.05524263562904941,0.04577588776217667
2026,22,211,2026-01-17T15:00:00Z,Aston Villa,Everton,7,11,AVL,EVE,1.0675378834447817,0.9348994351216892,0.38102083933677366,0.3073367040894498,0.31164245657377676,0.39262534786654696,0.34385408488369745,0.2403094361985616,0.2890686531257177,0.015253477487000455,0.023411731747008613
2026,22,212,2026-01-17T15:00:00Z,Brighton,Bournemouth,36,91,BHA,BOU,1.551276774195187,1.4467195950954772,0.40162352457600026,0.24273417286786197,0.35564230255613816,0.23534103711057058,0.21197715401544345,0.42418647297147516,0.459187610300403,0.05913434496361969,0.07224225853228639
2026,22,213,2026-01-17T15:00:00Z,Chelsea,Brentford,8,94,CHE,BRE,1.9516890952916017,1.2170364938710823,0.5447329367040115,0.21949187269343579,0.23577519060255292,0.29610638102479436,0.14203395996487198,0.3435213471999351,0.5807599092106035,0.03526567437367767,0.13426595272721653
2026,22,214,2026-01-17T15:00:00Z,Leeds,Fulham,2,54,LEE,FUL,1.3222751166097815,1.3890699943858573,0.35594581428951466,0.2573864330839838,0.3866677526265018,0.24930705381063517,0.2665282288462165,0.40438799835227124,0.381048126276354,0.0525003012080405,0.04535069355672339
2026,22,215,2026-01-17T15:00:00Z,Liverpool,Burnley,14,90,LIV,BUR,3.3452828209554584,0.8483236692547799,0.8418654137641177,0.09979570775209567,0.05833887848378657,0.42813202161191966,0.035250244239932275,0.20867345088879008,0.8468277192697381,0.011057852333788865,0.42964381436488186
2026,22,216,2026-01-17T15:00:00Z,Man Utd,Man City,1,43,MUN,MCI,0.900909761463514,1.9058432283535638,0.17240322014053933,0.21809463219039943,0.6095021476690614,0.14869720404434442,0.4061999465328475,0.5679092365526337,0.22785055652975272,0.1262985598271702,0.013503708940794446
2026,22,217,2026-01-17T15:00:00Z,Nott'm Forest,Arsenal,17,3,NFO,ARS,0.6683843914176708,1.8164656839971611,0.13105884912780696,0.21970232141100174,0.6492388294611919,0.1625994142949227,0.5125359667448466,0.5420443294003128,0.1448929930427314,0.11136840715711904,0.004901858799163161
2026,22,219,2026-01-17T15:00:00Z,Spurs,West Ham,6,21,TOT,WHU,2.2007446029056728,1.1520794084530177,0.6115591577004527,0.1985367128735113,0.18990412942603652,0.31597903628914353,0.11072068471752787,0.31998802249930536,0.645611365960352,0.029761231863180915,0.18079401583876042
2026,22,218,2026-01-17T15:00:00Z,Sunderland,Crystal Palace,56,31,SUN,CRY,0.6907472437370266,1.6555555384358944,0.15299573112585885,0.24075719096395695,0.6062470779101842,0.19098592620596375,0.5012014094882483,0.49282626590044387,0.15259509835063112,0.0866550568903438,0.005494764407985464
2026,22,220,2026-01-17T15:00:00Z,Wolves,Newcastle,39,4,WOL,NEW,0.9743216444662135,1.7661392166106629,0.20655109180251807,0.23356773504467557,0.5598811731528069,0.1709918786964259,0.3774483108887173,0.527012658615883,0.25479563014519313,0.10332986663714172,0.017453984822053292
2026,23,221,2026-01-24T15:00:00Z,Arsenal,Man Utd,3,1,ARS,MUN,2.120878994398575,0.5992604040413225,0.727854867079892,0.18024707089704411,0.09189806202306403,0.5492176850997494,0.11992616773884773,0.12165790302073476,0.6257249422251101,0.0033434780982637413,0.1653210348297134
2026,23,222,2026-01-24T15:00:00Z,Bournemouth,Liverpool,91,14,BOU,LIV,1.3708309073999523,1.714393950370753,0.30800176878735297,0.235446772216961,0.4565514589956865,0.1800728207159971,0.25389590789406363,0.5112114248223003,0.3980557343023824,0.09535440301204767,0.05049057789957767
2026,23,223,2026-01-24T15:00:00Z,Brentford,Nott'm Forest,94,17,BRE,NFO,1.762128152786227,1.2155233519291488,0.5020670554800475,0.23428179311370237,0.26365115140625023,0.29655477116260626,0.1716791153890645,0.34297597936324076,0.5258002821384298,0.035131210574155025,0.10270101363661599
2026,23,224,2026-01-24T15:00:00Z,Burnley,Spurs,90,6,BUR,TOT,1.201103149692917,2.0867410457533833,0.21403721741048087,0.20870371290439688,0.5772590696851222,0.12409088407518504,0.30086213280997925,0.6169635747213015,0.3377714118486259,0.15885821307420123,0.033864738903534475
2026,23,225,2026-01-24T15:00:00Z,Crystal Palace,Chelsea,31,8,CRY,CHE,1.3021406689443997,1.257873904988089,0.377321780457346,0.26623726550846377,0.3564409540341905,0.28425774346301796,0.2719490166764741,0.3581818587440533,0.3739351088296503,0.039007448287594726,0.0433093734407779
2026,23,226,2026-01-24T15:00:00Z,Everton,Leeds,11,2,EVE,LEE,1.3969338919830545,0.7884180503455651,0.513534828286428,0.2748440054421309,0.2116211662714414,0.45456332308697905,0.24735421718657902,0.1870507479661837,0.40710829350055144,0.008642817527857893,0.05338006982922394
2026,23,227,2026-01-24T15:00:00Z,Fulham,Brighton,54,36,FUL,BHA,1.5592341674766828,1.6620035792426384,0.36157945973759387,0.23308136485343062,0.40533917540897574,0.18975840297330335,0.2102970618764917,0.4948624520936995,0.46180057392572427,0.08758883440964116,0.07329563954128016
2026,23,228,2026-01-24T15:00:00Z,Man City,Wolves,43,39,MCI,WOL,2.5674408815247407,0.7329159690635856,0.7693190164688197,0.14657706907935225,0.08410391445182824,0.4805058051997599,0.07673165978513158,0.16732381694157972,0.7262643399752737,0.006739188560506815,0.2569326701933172
2026,23,229,2026-01-24T15:00:00Z,Newcastle,Aston Villa,4,7,NEW,AVL,1.4857301291299148,0.9481821272454789,0.4968639239114899,0.2621829689318143,0.2409531071566961,0.38744470883554893,0.22633702507775813,0.24518714295075505,0.4373872374265836,0.015974171231357803,0.0638642315007184
2026,23,230,2026-01-24T15:00:00Z,West Ham,Sunderland,21,56,WHU,SUN,1.5848374365366373,0.9158477108570904,0.5303769023615705,0.2519328728184977,0.2176902248199322,0.40017724766614754,0.204981112848067,0.23332133612172035,0.4701571457273752,0.014256099724601956,0.07673755644405922
2026,24,231,2026-01-31T15:00:00Z,Aston Villa,Brentford,7,94,AVL,BRE,1.5974540959198764,1.2593341112040493,0.45268437183861443,0.24592767154743883,0.30138795661394685,0.28384297143912035,0.20241118202822386,0.3587038924020787,0.47424624618080613,0.039145272493528616,0.07846298129808804
2026,24,232,2026-01-31T15:00:00Z,Brighton,Everton,36,11,BHA,EVE,1.3484145610818061,1.1524081512131237,0.41242134585241075,0.2684106426559039,0.31916801149168583,0.31587517754095934,0.25965159623184375,0.3201076930949466,0.39023041060100416,0.0297877122880561,0.04807961426930063
2026,24,233,2026-01-31T15:00:00Z,Chelsea,West Ham,8,21,CHE,WHU,2.2693315796359625,0.9160983999186422,0.678773332699599,0.18381798377565906,0.1374086835247422,0.4000769401809957,0.10338125913247055,0.2334132150748478,0.6620123847756852,0.014268947566626333,0.19444736944423757
2026,24,234,2026-01-31T15:00:00Z,Leeds,Arsenal,2,3,LEE,ARS,0.6487309872246272,1.9397315597824856,0.11558701148406392,0.20392997543453725,0.6804830130813995,0.14374253087536637,0.5227086800484643,0.5774355455026772,0.13819400191281384,0.13216840219722759,0.0044175748855455055
2026,24,235,2026-01-31T15:00:00Z,Liverpool,Newcastle,14,4,LIV,NEW,1.8009845352249052,1.2753345725440823,0.49765379746229277,0.2308923573125055,0.2714538452252021,0.2793374939293119,0.16513622573011022,0.36441374265481397,0.5374559855245522,0.04067374826689374,0.10886663239596239
2026,24,236,2026-01-31T15:00:00Z,Man Utd,Fulham,1,54,MUN,FUL,1.4247909168736572,1.302027077965437,0.4000759140191208,0.2561467352074052,0.3437773507734742,0.27197990938603966,0.2405587547271124,0.37389488393075077,0.41669531656326,0.04329800707491249,0.05656063544331069
2026,24,237,2026-01-31T15:00:00Z,Nott'm Forest,Crystal Palace,17,31,NFO,CRY,1.0659737845290889,1.3855909762997947,0.28909142310997926,0.2688722128508265,0.4420363640391944,0.2501759080633022,0.3443923275076429,0.4031826112365795,0.2884944797762534,0.052113635903020206,0.023302833246185983
2026,24,239,2026-01-31T15:00:00Z,Spurs,Man City,6,43,TOT,MCI,1.1498846626893655,1.9291305870620639,0.22414371694490332,0.22071534430188416,0.555140938753213,0.14527444707843198,0.31667329151862356,0.5744721735440357,0.31918894748075277,0.1303202382594828,0.029584801436052466
2026,24,238,2026-01-31T15:00:00Z,Sunderland,Burnley,56,90,SUN,BUR,1.1816229648304208,1.2142996430751105,0.3536417495357168,0.2768541027618261,0.36950414770245715,0.29691788999233565,0.30678044048478154,0.3425348221673562,0.33072074587760836,0.03502268516738816,0.03219682695116921
2026,24,240,2026-01-31T15:00:00Z,Wolves,Bournemouth,39,91,WOL,BOU,1.0818856617943085,1.627444983533062,0.25266039029622145,0.24670224091892076,0.5006373687848581,0.19643081748499977,0.3389557667107692,0.48388883398773885,0.29433284930235304,0.0826413985116512,0.02442510704602796
2026,25,241,2026-02-07T15:00:00Z,Arsenal,Sunderland,3,56,ARS,SUN,2.531711874910494,0.37129625005958006,0.8427885948762837,0.1198867333048444,0.03732467181887218,0.6898395462775414,0.07952277066210581,0.05402561704680542,0.719148486526857,5.895014523087383e-4,0.2492236909005181
2026,25,242,2026-02-07T15:00:00Z,Bournemouth,Aston Villa,91,7,BOU,AVL,1.3690563137919565,1.0528603711749756,0.44062280215121363,0.27086793152949956,0.28850926631928714,0.3489382274435294,0.254346869968169,0.28367854089313793,0.3974379418086875,0.02240194993531308,0.05029733801252645
2026,25,243,2026-02-07T15:00:00Z,Brighton,Crystal Palace,36,31,BHA,CRY,1.5169573481606335,1.4238305942631428,0.39791082675950407,0.2454903413085778,0.3565988319319184,0.24078987969793939,0.21937836449272613,0.41636612279919283,0.447834013462571,0.056449331677191794,0.06778879415304784
2026,25,244,2026-02-07T15:00:00Z,Burnley,West Ham,90,21,BUR,WHU,1.4582707977812892,1.547097105081981,0.3592401374917662,0.2424947478421223,0.3982651146661118,0.21286500254278856,0.23263820562102866,0.4578121682499947,0.4281122926735862,0.07169208628988422,0.06051475696668518
2026,25,245,2026-02-07T15:00:00Z,Fulham,Everton,54,11,FUL,EVE,1.0727494562660538,1.139935228964834,0.33808303840858656,0.29010124090202116,0.37181572068939245,0.3198397374962935,0.34206672580190123,0.3155636781088167,0.2909813800873998,0.02879278603127189,0.023776810569405504
2026,25,246,2026-02-07T15:00:00Z,Leeds,Nott'm Forest,2,17,LEE,NFO,1.3008424390265458,1.2269374280112426,0.383485396114299,0.26807784903180076,0.3484367548539006,0.2931891168989887,0.2723022982968205,0.34708618209207875,0.3734753158342097,0.0361528766233119,0.04317956772300369
2026,25,247,2026-02-07T15:00:00Z,Liverpool,Man City,14,43,LIV,MCI,1.5803023658361726,1.5893563390433119,0.3802927907349818,0.23552947293972032,0.38417773632529867,0.20405691294075243,0.20591282778678197,0.47162393895125354,0.46868264330575027,0.07735333487622642,0.07612206787158293
2026,25,248,2026-02-07T15:00:00Z,Man Utd,Spurs,1,6,MUN,TOT,1.4201649289291045,1.5351787347450683,0.3522264443183952,0.24464717138724937,0.40312638429435566,0.2154171851929878,0.2416741545503975,0.4538789330000971,0.41510868692853586,0.0701351117635517,0.05602555948221111
2026,25,249,2026-02-07T15:00:00Z,Newcastle,Brentford,4,94,NEW,BRE,1.8854429948656544,1.1065121659788064,0.5555204742069719,0.22396571354636938,0.22051381224665897,0.33071041490425096,0.1517618148312518,0.3033544875882964,0.5620999345070659,0.02622539343383168,0.12281933459121153
2026,25,250,2026-02-07T15:00:00Z,Wolves,Chelsea,39,8,WOL,CHE,1.0716420790863492,1.8281935116640815,0.22053780247384358,0.22867771670713696,0.5507844808190195,0.16070361491879429,0.3424457325009444,0.5454990789857029,0.2905750107474957,0.11328054067606319,0.023698949943014025
2026,26,251,2026-02-11T20:00:00Z,Aston Villa,Brighton,7,36,AVL,BHA,1.5516591812002924,1.3630653461031879,0.41903819449509816,0.24582872381329288,0.33513308169160955,0.2558752274467478,0.21189610796410216,0.3953501170943191,0.4593133506527902,0.04964798172861673,0.07229270247860642
2026,26,252,2026-02-11T20:00:00Z,Brentford,Arsenal,94,3,BRE,ARS,0.878774478659202,1.921686431239881,0.1657808254723112,0.21581123540594438,0.6184079391217445,0.1463599279310731,0.41529154860068473,0.5723821844865367,0.21976083728617568,0.1290289057778108,0.012436042859798935
2026,26,253,2026-02-11T20:00:00Z,Chelsea,Leeds,8,2,CHE,LEE,1.9700159565459707,0.8984435771985749,0.6238935894670208,0.21155487707550363,0.16455153345747572,0.4072029467327019,0.13945463098306737,0.22694818115896864,0.5858175207660599,0.013381975688184333,0.13750696869276857
2026,26,254,2026-02-11T20:00:00Z,Crystal Palace,Burnley,31,90,CRY,BUR,2.199041128673846,0.8083088427428048,0.6911528694684809,0.18493954082253805,0.1239075897089816,0.4456110276787144,0.1109094552881275,0.19419763822487202,0.6451960909744672,0.009402091785656208,0.18045905999889578
2026,26,255,2026-02-11T20:00:00Z,Everton,Bournemouth,11,91,EVE,BOU,1.0639899136594186,0.9953396939214567,0.3663257495302482,0.30286670624308154,0.3308075442266703,0.36959787306646863,0.3450762355822694,0.262526693081531,0.2877661303146345,0.0187037489997659,0.023165152543327627
2026,26,256,2026-02-11T20:00:00Z,Man City,Fulham,43,54,MCI,FUL,2.257627850788856,0.8360591012081653,0.6953021722451327,0.18082888120585774,0.12386894654900969,0.4334152076971278,0.10459831350202926,0.20422406330566112,0.6592576207902454,0.010531858473249445,0.19209511183383887
2026,26,257,2026-02-11T20:00:00Z,Nott'm Forest,Wolves,17,39,NFO,WOL,1.54928594094536,1.1403204200732928,0.4674951609542036,0.2525019159188504,0.28000292312694636,0.319716561797893,0.21239958553769853,0.31570411414834465,0.45853272272612366,0.028823211299468632,0.07197993542798897
2026,26,259,2026-02-11T20:00:00Z,Spurs,Newcastle,6,4,TOT,NEW,1.3104609216351344,1.547976921345054,0.32282352101856093,0.24785292966486366,0.4293235493165757,0.21267780281447063,0.26969571914017026,0.45810186674635467,0.3768785801943517,0.07180771803489483,0.04414650847208568
2026,26,258,2026-02-11T20:00:00Z,Sunderland,Liverpool,56,14,SUN,LIV,0.7249422564106128,2.518507466573484,0.08598109036502855,0.1502214201954796,0.7637974894394919,0.08057978506485718,0.48435253640186493,0.7164794245944135,0.1645198429607635,0.2463873014450917,0.006490875250452999
2026,26,260,2026-02-11T20:00:00Z,West Ham,Man Utd,21,1,WHU,MUN,1.3276583571761587,1.4781492384059147,0.3400881728687891,0.2516948990264929,0.4082169281047184,0.22805938158125755,0.26509729825003314,0.4348348172230828,0.38294405826348954,0.06292998385287363,0.045905423569833514
2026,27,261,2026-02-21T15:00:00Z,Aston Villa,Leeds,7,2,AVL,LEE,1.6124545996613664,0.9296686249395284,0.5338444635191104,0.24898213712178532,0.2171733993591044,0.39468447729648704,0.19939757168031705,0.2383897474103115,0.47908289670244864,0.014975392616429994,0.08053941544036225
2026,27,262,2026-02-21T15:00:00Z,Brentford,Brighton,94,36,BRE,BHA,1.8107594649971015,1.7297771364840246,0.40591431380361187,0.2212085387810407,0.37287714741534794,0.17732392459983243,0.1635298943990217,0.5159452048757602,0.5403568015079732,0.09769412892042273,0.11044330749733633
2026,27,263,2026-02-21T15:00:00Z,Chelsea,Burnley,8,90,CHE,BUR,2.510008791533667,0.8187694753202331,0.7418466205348893,0.15717219640960461,0.10098118305550687,0.4409739501122548,0.08126752477157098,0.19797004012444364,0.7147502735856057,0.00981822448520231,0.24456550202666427
2026,27,264,2026-02-21T15:00:00Z,Crystal Palace,Wolves,31,39,CRY,WOL,1.868351759868625,0.9069577832683192,0.5997572172323928,0.22207306263109372,0.17816972013651367,0.40375065455072473,0.15437790408833024,0.2300645468048168,0.557189867123408,0.013805217479043286,0.11993653139656058
2026,27,265,2026-02-21T15:00:00Z,Everton,Man Utd,11,1,EVE,MUN,1.3093982022797483,0.8495439887818041,0.4733497033828198,0.28431882641714545,0.24233147020003493,0.4276098823989376,0.2699824823483826,0.2091167124653508,0.37650294061762135,0.011111094609969951,0.044039080843832124
2026,27,266,2026-02-21T15:00:00Z,Man City,Newcastle,43,4,MCI,NEW,1.626867945076787,0.9819898312878391,0.5245105190504473,0.24742821472479512,0.22806126622475809,0.37456503560039683,0.196544198330094,0.257615908284046,0.4837043456158614,0.017903722243652997,0.08255998876964554
2026,27,267,2026-02-21T15:00:00Z,Nott'm Forest,Liverpool,17,14,NFO,LIV,1.1187441537230052,2.1078249194374576,0.1943277934988753,0.20528006081261072,0.6003921456885142,0.12150195577257603,0.32668980929218544,0.6223931940896004,0.3078278764812985,0.16283862328688326,0.027148366203931018
2026,27,269,2026-02-21T15:00:00Z,Spurs,Arsenal,6,3,TOT,ARS,0.8922097076958696,1.8403989279773267,0.1782402786800461,0.22458620802051216,0.5971735132994419,0.15875408202806232,0.40974932541369435,0.5490750755954672,0.22466834873037367,0.11528586083082415,0.013077384865141872
2026,27,268,2026-02-21T15:00:00Z,Sunderland,Fulham,56,54,SUN,FUL,0.8827873842264752,1.5542411535245875,0.21371529859083305,0.2553508553479764,0.5309338460611907,0.21134970378150564,0.41362836217022064,0.46016188881604725,0.221225737947649,0.07263376591098791,0.012625448829344244
2026,27,270,2026-02-21T15:00:00Z,West Ham,Bournemouth,21,91,WHU,BOU,1.078827738087322,1.7318239313715564,0.23602217070023024,0.2373536524980263,0.5266241768017436,0.17696135008193908,0.3399938539723169,0.5165727489183388,0.2932113455831371,0.09800744809830553,0.02420694256247302
2026,28,271,2026-02-28T15:00:00Z,Arsenal,Chelsea,3,8,ARS,CHE,1.7070649862278269,0.7887091565174323,0.5927221219244758,0.23686022582358843,0.17041765225193609,0.4544310161567403,0.18139741598869646,0.18715508039491724,0.508945406584796,0.008653630411516344,0.09424911733207852
2026,28,272,2026-02-28T15:00:00Z,Bournemouth,Sunderland,91,56,BOU,SUN,1.9622221351366742,0.6055593416002536,0.6962018035921557,0.19877896806481454,0.10501922834303,0.5457690699033793,0.14054576198847596,0.12373537146014779,0.5836722328380859,0.0034691315575464676,0.13612482425985073
2026,28,273,2026-02-28T15:00:00Z,Brighton,Nott'm Forest,36,17,BHA,NFO,1.907274486640624,1.1806774127666817,0.5432043473093571,0.22276642903788657,0.2340292236527563,0.3070706545480273,0.14848453216928995,0.33037795950363624,0.5683147079634544,0.03211712250252896,0.1265442056622651
2026,28,274,2026-02-28T15:00:00Z,Burnley,Brentford,90,94,BUR,BRE,1.2541539718353922,2.055318114969191,0.22938375669885458,0.21189494909774462,0.558721294203401,0.12805209380971538,0.28531713247334417,0.6087601181234423,0.35685125260252637,0.15299401375180666,0.038657593882930885
2026,28,275,2026-02-28T15:00:00Z,Fulham,Spurs,54,6,FUL,TOT,1.537350320019211,1.5589987027740462,0.37597769934941083,0.23865728462577365,0.38536501602481593,0.21034658524190522,0.2149498959686608,0.46172336123301416,0.4545968126758224,0.0732643575387375,0.07041749077128534
2026,28,276,2026-02-28T15:00:00Z,Leeds,Man City,2,43,LEE,MCI,0.8360879801984954,2.0332523703317977,0.1449085033614923,0.2028017524304887,0.6522897442080191,0.1309090632713916,0.4334026912842674,0.6029197735341362,0.20423452794727748,0.1489261573024825,0.010533077637075783
2026,28,277,2026-02-28T15:00:00Z,Liverpool,West Ham,14,21,LIV,WHU,3.024513688563338,0.9491657657528829,0.7878053772595255,0.12638016635674224,0.0858144563837327,0.38706379067404717,0.048581441236697415,0.2455485100556074,0.8044833247327758,0.016028375233803183,0.35826001971601396
2026,28,278,2026-02-28T15:00:00Z,Man Utd,Crystal Palace,1,31,MUN,CRY,1.114844204071164,1.3869006976368696,0.3019468344583037,0.26689178697493543,0.431161378566761,0.24984846181696496,0.32796637074489166,0.40363653218558737,0.30640222169991127,0.05225901751944706,0.02685201291867234
2026,28,279,2026-02-28T15:00:00Z,Newcastle,Everton,4,11,NEW,EVE,1.2599935292260356,0.8214480888950105,0.466241673608204,0.291380661471024,0.2423776649207725,0.43979433187937716,0.2836558619667984,0.19893745469145063,0.35893958742800214,0.00992666830889799,0.039207604123432493
2026,28,280,2026-02-28T15:00:00Z,Wolves,Aston Villa,39,7,WOL,AVL,1.1088865715952985,1.496373177668231,0.2809988432586409,0.25775263575360274,0.4612485209877566,0.223940882881127,0.32992610574019365,0.4409599865922119,0.304223265985775,0.06518807511959801,0.026403058364203646
2026,29,281,2026-03-04T20:00:00Z,Aston Villa,Chelsea,7,8,AVL,CHE,1.216515215978046,1.3184351926210434,0.3421509030779264,0.26743346869356593,0.390415628228508,0.26755364448491314,0.2962607749727894,0.37969421471215814,0.3433334843753645,0.04495730593730385,0.035219317859898625
2026,29,282,2026-03-04T20:00:00Z,Bournemouth,Brentford,91,94,BOU,BRE,1.7373798819892738,1.2286698686954471,0.49327126706937585,0.236073581537074,0.2706551513935503,0.29268162387242036,0.17598088778182278,0.3477092837546827,0.5182734581714263,0.03630943111699869,0.09886030916429833
2026,29,283,2026-03-04T20:00:00Z,Brighton,Arsenal,36,3,BHA,ARS,0.9511590516316686,1.8665966064610748,0.188227583761171,0.2232755235886212,0.5884968926502082,0.1546490989173861,0.3862930303139762,0.5566834178511578,0.24628085732065896,0.11964216116410831,0.016138570180110334
2026,29,284,2026-03-04T20:00:00Z,Everton,Burnley,11,90,EVE,BUR,1.7798415989566065,0.7185010275517426,0.6278897882051682,0.22616114912303656,0.14594906267179542,0.4874824313004213,0.16866486184283117,0.1622609408968041,0.531138400767029,0.0062947696051249835,0.10549140239084343
2026,29,285,2026-03-04T20:00:00Z,Fulham,West Ham,54,21,FUL,WHU,1.8665116965323991,1.1558321454387772,0.5397807997360116,0.22595199610168518,0.23426720416230362,0.31479547226419646,0.15466223071884722,0.3213538016542643,0.5566589066326318,0.030064347140580594,0.11962792821687185
2026,29,286,2026-03-04T20:00:00Z,Leeds,Sunderland,2,56,LEE,SUN,1.554294839819227,0.7950511156434871,0.5534928000790548,0.2552014973464971,0.19130570257444857,0.4515581526471202,0.211338357503609,0.18943003431287486,0.4601795239726606,0.008891393010353243,0.07264086626299615
2026,29,287,2026-03-04T20:00:00Z,Man City,Nott'm Forest,43,17,MCI,NFO,2.2210340971735336,0.738474092340657,0.7118385419841636,0.17879652582043473,0.10936493219540183,0.47784250303637227,0.10849685450344371,0.16928318825205513,0.6505279322083319,0.006915940544417021,0.1847993644995467
2026,29,288,2026-03-04T20:00:00Z,Newcastle,Man Utd,4,1,NEW,MUN,1.7838913544156045,0.8801824667515552,0.5873296148880984,0.23025747882362108,0.18241290628828075,0.41470723449558133,0.16798319162832342,0.2202747288663821,0.5323530451387706,0.012502290558117246,0.10613416129389719
2026,29,289,2026-03-04T20:00:00Z,Spurs,Crystal Palace,6,31,TOT,CRY,1.4229419042669371,1.4038471356011506,0.3786072067928935,0.2514093062089809,0.3699834869981258,0.24565009451786696,0.24100396236768834,0.40949472393307385,0.416061400484956,0.05416007238262055,0.0563464356654787
2026,29,290,2026-03-04T20:00:00Z,Wolves,Liverpool,39,14,WOL,LIV,1.1103239288479707,2.4365748712040123,0.15636814761523266,0.17833081259602335,0.6653010397887442,0.08745990045250307,0.3294522247090169,0.6994375038669236,0.30474908678436285,0.2289559252327531,0.026510958890602287
2026,30,291,2026-03-14T15:00:00Z,Arsenal,Everton,3,11,ARS,EVE,1.4980137678222327,0.5592718921872645,0.6031508502598694,0.25949772955791583,0.1373514201822149,0.5716251170783314,0.22357378888133184,0.10868102207150354,0.44150959725025196,0.0026172168230198523,0.06539340858934284
2026,30,292,2026-03-14T15:00:00Z,Brentford,Wolves,94,39,BRE,WOL,2.036961010056728,1.2063747186781606,0.5655774930735772,0.21269829036722718,0.2217242165591958,0.29928029038077647,0.13042446786929657,0.3396755335051961,0.6039059763235497,0.03432458072727851,0.14960690975015534
2026,30,293,2026-03-14T15:00:00Z,Burnley,Bournemouth,90,91,BUR,BOU,0.9642099813220026,1.915494999557675,0.18507985243131664,0.21879456251104712,0.5961255850576367,0.14726891649241067,0.3812843025058787,0.5706382103760997,0.2510775672965553,0.12795898124816352,0.01687180728151172
2026,30,294,2026-03-14T15:00:00Z,Chelsea,Newcastle,8,4,CHE,NEW,1.3513018954671148,1.2309040248010132,0.3960744113980069,0.26439986899253815,0.3395257196094553,0.2920284573451387,0.2589029765276348,0.3485125391522991,0.39124094054849445,0.036511901835847294,0.04838649831031261
2026,30,295,2026-03-14T15:00:00Z,Crystal Palace,Leeds,31,2,CRY,LEE,1.7259485812164455,0.8869650250103063,0.5721006081582036,0.23657155350420994,0.1913278383375866,0.4119039758962116,0.178004120297989,0.22275160382116033,0.5147699208230154,0.012824576280665356,0.09710932530252125
2026,30,296,2026-03-14T15:00:00Z,Liverpool,Spurs,14,6,LIV,TOT,2.4911373958457386,1.2802448896803578,0.6384164122455813,0.18043041517354527,0.18115317258087377,0.2779692203239594,0.08281571873233268,0.36616210586785825,0.7108789473697108,0.04114952087481516,0.2405310597979491
2026,30,297,2026-03-14T15:00:00Z,Man Utd,Aston Villa,1,7,MUN,AVL,1.1685192189044873,1.2957016411241973,0.33368938811509175,0.2716660654011882,0.3946445464837205,0.27370575373023126,0.3108268672055613,0.37165325197637256,0.3259659647128673,0.042667716222924534,0.03110259222685463
2026,30,298,2026-03-14T15:00:00Z,Nott'm Forest,Fulham,17,54,NFO,FUL,1.3623336429217636,1.3007975071328848,0.3842111205439458,0.2601057542192891,0.35568312523676565,0.2723145336296075,0.25606252067788854,0.37345939986894505,0.3950948927112742,0.043175079069049827,0.0495689919121417
2026,30,299,2026-03-14T15:00:00Z,Sunderland,Brighton,56,36,SUN,BHA,0.8924466509334326,1.9536354836663412,0.16511195234202303,0.2130010757667165,0.6218869718912606,0.14175777558460367,0.40965224958312657,0.5812992039477045,0.22475497222906538,0.13460866462139032,0.013088880519293244
2026,30,300,2026-03-14T15:00:00Z,West Ham,Man City,21,43,WHU,MCI,0.8525174872297656,2.3421758580339453,0.11958412126876816,0.17393831697654083,0.706477561754691,0.09611827082443616,0.4263402736026415,0.6787558357346009,0.21019718764078377,0.20928147467729963,0.011241517737148099
2026,31,301,2026-03-21T15:00:00Z,Aston Villa,West Ham,7,21,AVL,WHU,1.8574439113460113,0.9479370339729523,0.5872380243898108,0.22411285469041822,0.18864912091977126,0.38753968056515115,0.15607105239630342,0.24509710409309404,0.5540357215928184,0.01596068315576149,0.11811218353113362
2026,31,302,2026-03-21T15:00:00Z,Bournemouth,Man Utd,91,1,BOU,MUN,1.6438030527871286,0.9773536243905895,0.5298214335327075,0.2457440812434922,0.2244344852238008,0.37630562835823983,0.19324372696090092,0.2559107018872562,0.4891016447288078,0.017630957838139394,0.08496566908506475
2026,31,303,2026-03-21T15:00:00Z,Brighton,Liverpool,36,14,BHA,LIV,1.5920533781715631,2.165996790524668,0.28415839764368456,0.20630255435921013,0.5095390479971059,0.11463560993810039,0.20350730495244082,0.6370640268561365,0.4724982027154352,0.17400319753261329,0.0777220325727741
2026,31,304,2026-03-21T15:00:00Z,Everton,Chelsea,11,8,EVE,CHE,1.053915772679559,1.1181167958000915,0.3370783520580214,0.29335607514412326,0.36956557279785535,0.3268948250347812,0.34857015178124856,0.3075985806336978,0.2840662673711858,0.027100562347592616,0.022473655198617992
2026,31,305,2026-03-21T15:00:00Z,Fulham,Burnley,54,90,FUL,BUR,2.064467268616729,1.033033219317065,0.6113710430974836,0.20676653142708198,0.18186242547543455,0.3559257208076759,0.12688586865023782,0.27639118598862367,0.6111624086713445,0.02108079140030983,0.15469289364445948
2026,31,306,2026-03-21T15:00:00Z,Leeds,Brentford,2,94,LEE,BRE,1.3761951498898848,1.6131455379458108,0.3270983578780706,0.2416486392416346,0.4312530028802951,0.19925984784903078,0.25253759509366797,0.4793050177015441,0.3999213913735705,0.08063570948593135,0.05107718359388824
2026,31,307,2026-03-21T15:00:00Z,Man City,Crystal Palace,43,31,MCI,CRY,1.766507137709933,0.8905582459491975,0.5807067242621253,0.23230612075323145,0.1869871549846435,0.41042656981803105,0.17092897874826823,0.22406466407387748,0.5271237602514465,0.012997440347803257,0.10338763759076253
2026,31,308,2026-03-21T15:00:00Z,Newcastle,Sunderland,4,56,NEW,SUN,2.129446770632406,0.5453529835595613,0.7428448463195576,0.17542146538812706,0.08173368829231545,0.5796371448423181,0.11890305632252178,0.10425600883597808,0.6278992143731611,0.0023922199231734,0.16695764920266032
2026,31,309,2026-03-21T15:00:00Z,Spurs,Nott'm Forest,6,17,TOT,NFO,1.7890686203345842,1.1641066083702631,0.5201218671686871,0.23235709726501988,0.24752103556629362,0.3122014556454288,0.16711574541279955,0.32436276669491193,0.5339027185053375,0.03073912401776291,0.10695846083019955
2026,31,310,2026-03-21T15:00:00Z,Wolves,Arsenal,39,3,WOL,ARS,0.663353798086773,2.099773372644775,0.10523503431948711,0.18675307825410298,0.7080118874264105,0.12248418337436327,0.5151208229900769,0.620326789806009,0.14317182260587136,0.16131431801416618,0.004774668558165329
2026,32,311,2026-04-11T14:00:00Z,Arsenal,Bournemouth,3,91,ARS,BOU,1.723382431870867,0.7021033342758835,0.6192666895926489,0.23250749681096228,0.14822581359638892,0.49554191658174895,0.17846149204592038,0.15653645151274342,0.5139811077966779,0.005813373843055913,0.09671827507533681
2026,32,312,2026-04-11T14:00:00Z,Brentford,Everton,94,11,BRE,EVE,1.245798272011827,1.1864197651334785,0.3771668824583996,0.2743016471835454,0.34853147035805504,0.3053123997389199,0.2877111446818159,0.33245893467049215,0.35385880843503303,0.03260295702356897,0.03787833986876077
2026,32,313,2026-04-11T14:00:00Z,Burnley,Brighton,90,36,BUR,BHA,1.2182005918089343,2.2246144790393125,0.2001621548883069,0.1983558053387424,0.6014820397729508,0.1081090889217488,0.29576188474986315,0.6513898665471802,0.34394081221332773,0.18550915970917692,0.03536932382750968
2026,32,314,2026-04-11T14:00:00Z,Chelsea,Man City,8,43,CHE,MCI,1.185721221142474,1.5339857921900684,0.29409855543956187,0.25260935198802026,0.45329209257241804,0.21567431886263708,0.30552574838916996,0.4534843402618072,0.3322058881403551,0.0699802378811375,0.032543627597458546
2026,32,315,2026-04-11T14:00:00Z,Crystal Palace,Newcastle,31,4,CRY,NEW,1.1838876642226506,1.2151779442256656,0.354087814234873,0.2766434722485074,0.3692687135166197,0.2966572211575607,0.3060864611315878,0.34285146669649613,0.33154155334915947,0.035100558103890234,0.032388199636609216
2026,32,316,2026-04-11T14:00:00Z,Liverpool,Fulham,14,54,LIV,FUL,2.4992519262968576,1.0858107105473338,0.6816371483383953,0.17237503807896987,0.145987813582635,0.33762795636616666,0.08214642722648824,0.29577199243124164,0.7125489562893064,0.024706873991162226,0.24226396834407138
2026,32,317,2026-04-11T14:00:00Z,Man Utd,Leeds,1,2,MUN,LEE,1.496816092893297,1.1162375925379464,0.4596635813298958,0.2575197869464193,0.28281663172368515,0.3275097044170864,0.22384171801701944,0.30691165159157063,0.4411083961942226,0.026957671362914715,0.06524347631278227
2026,32,318,2026-04-11T14:00:00Z,Nott'm Forest,Aston Villa,17,7,NFO,AVL,1.1172958961636938,1.294478043725512,0.3199392064584773,0.2744701867447477,0.4055906067967753,0.274040864356936,0.3271632830512609,0.3712192536494493,0.3072985234201242,0.04254639504662627,0.027038087059143567
2026,32,319,2026-04-11T14:00:00Z,Sunderland,Spurs,56,6,SUN,TOT,0.8799211645245728,1.832556333071846,0.1764209554645655,0.2251041561057008,0.5984748884297338,0.16000402095875876,0.4148156125786013,0.5467795971163075,0.22017935053826188,0.11399555453486387,0.01248997894540027
2026,32,320,2026-04-11T14:00:00Z,West Ham,Wolves,21,39,WHU,WOL,1.5332791838264272,1.4027153467093412,0.40625269454447255,0.24543705140003805,0.3483102540554896,0.24592827595775138,0.2158267699954476,0.4091043571665409,0.45325053625803846,0.05403195412289297,0.06988858559698108
2026,33,321,2026-04-18T14:00:00Z,Aston Villa,Sunderland,7,56,AVL,SUN,1.8041879150170095,0.6206724480394107,0.6592185783945936,0.21902854363854402,0.12175287796686267,0.5375828195106145,0.16460807806208397,0.12875433587980378,0.5384080167841276,0.0037836072057330083,0.1093822075556018
2026,33,322,2026-04-18T14:00:00Z,Brentford,Fulham,94,54,BRE,FUL,1.7911609729233617,1.3761476152674919,0.47328950231047673,0.2304084658074907,0.29630203188203325,0.2525495996582047,0.166766445906557,0.39990487103539696,0.5345280045924832,0.051071969093216874,0.10729241683065494
2026,33,323,2026-04-18T14:00:00Z,Chelsea,Man Utd,8,1,CHE,MUN,1.8465693808186339,0.9680997789613374,0.5798653332766674,0.22557718943662952,0.1945574772867033,0.37980406450561327,0.15777751348514035,0.25250770459788496,0.5508753611315003,0.017094302464995326,0.11630555205429705
2026,33,324,2026-04-18T14:00:00Z,Crystal Palace,West Ham,31,21,CRY,WHU,1.9881816729289856,0.9043942889873317,0.6262680842773904,0.209947827003135,0.16378408871947486,0.40478699480323976,0.1369442085540796,0.22912595884036535,0.5907858257849345,0.013676904724448713,0.140750282986158
2026,33,325,2026-04-18T14:00:00Z,Everton,Liverpool,11,14,EVE,LIV,1.0919577760459729,1.4902007201840661,0.27768313790976906,0.25873200580056416,0.46358485628966684,0.22532742323820515,0.33555890102872965,0.4388894883750014,0.2980249476715079,0.06441857240238658,0.02515208478849984
2026,33,326,2026-04-18T14:00:00Z,Leeds,Wolves,2,39,LEE,WOL,1.5037302050559926,1.2177028867472093,0.43847549099243144,0.25397093945596666,0.30755356955160207,0.2959091235746833,0.22229938933295612,0.3437614824335882,0.4434223043615758,0.03532498733549372,0.06611150792429943
2026,33,327,2026-04-18T14:00:00Z,Man City,Arsenal,43,3,MCI,ARS,1.1076311775292118,1.167493525172477,0.3424627373426734,0.2853693978058158,0.3721678648515111,0.3111458439332447,0.33034055310853916,0.325593397890366,0.30376395106619836,0.031017880532146158,0.02630903370373061
2026,33,328,2026-04-18T14:00:00Z,Newcastle,Bournemouth,4,91,NEW,BOU,1.4495532412201466,1.031236238052574,0.46724334086820185,0.26403950750719846,0.26871715162459975,0.35656588767118197,0.23467510784232432,0.27573044770891164,0.42515082895114686,0.020963477059962488,0.05947140331530154
2026,33,329,2026-04-18T14:00:00Z,Nott'm Forest,Burnley,17,90,NFO,BUR,1.8235021784412635,1.0162888461951072,0.5629447968988242,0.22853110744755142,0.2085240956536244,0.3619356497082117,0.1614593003265547,0.27023318645295336,0.5441193137983706,0.020003190289264117,0.11251391573629488
2026,33,330,2026-04-18T14:00:00Z,Spurs,Brighton,6,36,TOT,BHA,1.8384434370893137,1.6566074130891861,0.4262293280551628,0.22209229725145643,0.3516783746933809,0.19078513857127738,0.1590648279202605,0.4931587865642969,0.5485034831179956,0.08680705240864539,0.1149635331574893
2026,34,331,2026-04-25T14:00:00Z,Arsenal,Newcastle,3,4,ARS,NEW,1.5520390595432871,0.761938034971707,0.5616067124808364,0.2552423146926664,0.18315097282649737,0.4667609508249395,0.2118156285088906,0.1775961275019805,0.45943824262360056,0.0076958022324273845,0.07234283069554692
2026,34,332,2026-04-25T14:00:00Z,Bournemouth,Leeds,91,2,BOU,LEE,1.7536943247558827,0.9070315948502472,0.5735994765618934,0.23393651570710522,0.19246400773100164,0.4037208541760278,0.17313315044675423,0.2300915755863856,0.5232442261876664,0.01380892330233463,0.1013845388027772
2026,34,333,2026-04-25T14:00:00Z,Brighton,Chelsea,36,8,BHA,CHE,1.5365888709346427,1.6251752923831524,0.3631666403067879,0.23562376059328718,0.4012095990999252,0.19687716111249404,0.21511363170047448,0.4831629410129433,0.454345155842243,0.08232141465854781,0.07031841030780361
2026,34,334,2026-04-25T14:00:00Z,Burnley,Man City,90,43,BUR,MCI,0.7619435813690197,2.5905786742394787,0.08691327506799862,0.14663668351883527,0.7664500414131663,0.07497664047901309,0.4667583619904355,0.7307904736299351,0.1775981000406346,0.2619500365694075,0.00769599309322766
2026,34,335,2026-04-25T14:00:00Z,Fulham,Aston Villa,54,7,FUL,AVL,1.2649399788276916,1.315805861543716,0.35556573152981397,0.26495969876952064,0.37947456970066573,0.26825805725858526,0.2822562369823487,0.37876641859423854,0.36070656458521544,0.04468904811802954,0.03967697900963141
2026,34,336,2026-04-25T14:00:00Z,Liverpool,Crystal Palace,14,31,LIV,CRY,1.955568702430755,1.1565901028055714,0.5594009386053285,0.21860474745706146,0.22199431393761046,0.3145569611190188,0.1414839915203557,0.32162957088212696,0.5818343427674584,0.03012578963665502,0.1349494115052453
2026,34,337,2026-04-25T14:00:00Z,Man Utd,Brentford,1,94,MUN,BRE,1.482891362605397,1.5120614364959977,0.37197759916159556,0.2432057699766358,0.3848166308617689,0.22045505512684793,0.22698045589063837,0.4462033575352461,0.4364321865888987,0.0671654110678016,0.06351354026949363
2026,34,338,2026-04-25T14:00:00Z,Sunderland,Nott'm Forest,56,17,SUN,NFO,0.8684783367801429,1.372829771805558,0.23738800636742197,0.27626138089513264,0.48635061273744556,0.2533889112785965,0.41958953768970175,0.39875124747274915,0.2160060384871969,0.05070872775761337,0.011958411070634889
2026,34,339,2026-04-25T14:00:00Z,West Ham,Everton,21,11,WHU,EVE,0.9377482181995576,1.3795126724932671,0.2553468742811362,0.2736806616772426,0.47097246404162146,0.25170118408707604,0.39150843509606725,0.4010738427832421,0.24135522748249838,0.0514418348979806,0.01540628555867396
2026,34,340,2026-04-25T14:00:00Z,Wolves,Spurs,39,6,WOL,TOT,1.3476901309475142,1.7729392390103313,0.29273570446428476,0.23202973367153454,0.4752345618641812,0.16983307450364749,0.25983976382147805,0.5290632036270708,0.3899767508485832,0.10440000062524768,0.048002787277212966
2026,35,341,2026-05-02T14:00:00Z,Arsenal,Fulham,3,54,ARS,FUL,2.15378673907776,0.6487085796594539,0.7215398278290788,0.18003269020803023,0.09842748196289133,0.5227203928085058,0.11604389676418977,0.13818640361365664,0.6340222972341897,0.004417041944188904,0.17163819392497937
2026,35,342,2026-05-02T14:00:00Z,Aston Villa,Spurs,7,6,AVL,TOT,1.5298816486553737,1.2785875631744905,0.43170556569281227,0.25011769750210217,0.31817673680508585,0.2784302880449593,0.21656129611996525,0.36557220844966476,0.45212555113707753,0.040988586439437036,0.06944876544328882
2026,35,343,2026-05-02T14:00:00Z,Bournemouth,Crystal Palace,91,31,BOU,CRY,1.306169784617596,1.126966839395105,0.4066380369587008,0.2730217038177771,0.3203402592235224,0.32401455563642845,0.2708555070487777,0.3108317846799763,0.3753612136468306,0.02777959181048717,0.043713631702597455
2026,35,344,2026-05-02T14:00:00Z,Brentford,West Ham,94,21,BRE,WHU,2.1676049637197177,1.2029649296569833,0.593461509739885,0.2024102918863191,0.204128198373796,0.3003025148235915,0.11445140418008073,0.33844409155583155,0.6374631640144846,0.034026729819296,0.17431552407222928
2026,35,345,2026-05-02T14:00:00Z,Chelsea,Nott'm Forest,8,17,CHE,NFO,1.8448255708093313,0.9256620623874341,0.5898799013835252,0.2249024012851325,0.18521769733134247,0.3962689774229471,0.1580528875226186,0.23691986367556828,0.5503671040354036,0.014764570984392877,0.11601698070199817
2026,35,346,2026-05-02T14:00:00Z,Everton,Man City,11,43,EVE,MCI,0.8407922558970422,1.346130261521123,0.23393647551034147,0.28012929068344644,0.48593423380621215,0.2602453962093555,0.4313686336710491,0.3894304005316763,0.20593995970144463,0.04783759214534522,0.010732892920328974
2026,35,347,2026-05-02T14:00:00Z,Leeds,Burnley,2,90,LEE,BUR,1.7698832941286187,1.085254495136754,0.5340712790924291,0.23396152681996038,0.2319671940876107,0.3378158024751475,0.17035286884533024,0.2955680793604689,0.5281424344784361,0.0246668261079791,0.10391845409754796
2026,35,348,2026-05-02T14:00:00Z,Man Utd,Liverpool,1,14,MUN,LIV,1.1700338729883244,2.1098173279613484,0.20463591718593854,0.20627692114300755,0.5890871616710543,0.12126011524279452,0.31035642838775956,0.6229031924273676,0.3265160376988865,0.16321662777581802,0.03122793623670439
2026,35,349,2026-05-02T14:00:00Z,Newcastle,Brighton,4,36,NEW,BHA,1.8313921765172314,1.1976554713071765,0.522178723579908,0.22890300026924812,0.24891827615084394,0.3019011988358586,0.16019039915417224,0.33652517858417963,0.5464381570817041,0.033565952125908294,0.11380456836734165
2026,35,350,2026-05-02T14:00:00Z,Wolves,Sunderland,39,56,WOL,SUN,1.589329638394088,0.860648554229287,0.5454481416649716,0.2513894994128592,0.20316235892216952,0.4228877277361165,0.20406236146554582,0.21315456078648642,0.47161527937657455,0.011603175668678745,0.0773496891792147
2026,36,351,2026-05-09T14:00:00Z,Brighton,Wolves,36,39,BHA,WOL,2.2047453010838014,1.171791047383421,0.6079129919208207,0.1987427733705516,0.19334423470862833,0.30981155687577594,0.1102786095701548,0.3271540344012702,0.6465851441699912,0.03137372232806179,0.18158149136107515
2026,36,352,2026-05-09T14:00:00Z,Burnley,Aston Villa,90,7,BUR,AVL,0.9882740276942517,1.7612241079100632,0.21048188486276287,0.2341924330093435,0.5553256821278943,0.1718343911912474,0.37221857587860746,0.525526736474679,0.2599274729552228,0.1025595220165475,0.018277613324476305
2026,36,353,2026-05-09T14:00:00Z,Crystal Palace,Everton,31,11,CRY,EVE,1.1426774407870317,0.8919555620248755,0.4139896857134113,0.30201943416401744,0.2839908801225714,0.4098534746649211,0.31896387064200027,0.224575438992481,0.31656330994927284,0.01306506175985156,0.029009802871621138
2026,36,354,2026-05-09T14:00:00Z,Fulham,Bournemouth,54,91,FUL,BOU,1.2341392358600352,1.4310612356802757,0.3251081389639987,0.25865609540998885,0.4162357656260125,0.2390550937865911,0.29108521027477824,0.4188424283035056,0.3496751107465491,0.057290286046857486,0.03680624753188022
2026,36,355,2026-05-09T14:00:00Z,Liverpool,Chelsea,14,8,LIV,CHE,1.980876461785004,1.320144170288223,0.5280650696748945,0.2178209499034344,0.25411398042167144,0.26709679176845125,0.13794827791659173,0.3802969356757405,0.5887932254146556,0.045132147790142074,0.13944235627318347
2026,36,356,2026-05-09T14:00:00Z,Man City,Brentford,43,94,MCI,BRE,2.349689909069688,0.9709266012683718,0.6808043134465296,0.17935134077666307,0.13984434577680785,0.37873194196765697,0.09539873991343502,0.25354714082591556,0.680443803574003,0.017257139943739785,0.21082973311353403
2026,36,357,2026-05-09T14:00:00Z,Nott'm Forest,Newcastle,17,4,NFO,NEW,0.9817104858068942,1.5278464437779244,0.24305257382546053,0.2573603608032841,0.49958706537125575,0.21700249153533788,0.3746696832661575,0.45145102348144683,0.2575131599575078,0.06918598911406082,0.017887213503223198
2026,36,359,2026-05-09T14:00:00Z,Spurs,Leeds,6,2,TOT,LEE,1.910475323620221,1.1298768178606924,0.5556492102749349,0.22206879189570844,0.22228199782935698,0.32307305080077453,0.1480100172154613,0.31189419862390044,0.5692204972457957,0.028005060192345166,0.12709429190183008
2026,36,358,2026-05-09T14:00:00Z,Sunderland,Man Utd,56,1,SUN,MUN,0.8692992605793913,1.4357682491693584,0.22776918331740348,0.26893129193839094,0.5032995247442058,0.23793250233473198,0.4192452279976432,0.42045156536764583,0.21630520530256714,0.05784132915299034,0.011996054623472863
2026,36,360,2026-05-09T14:00:00Z,West Ham,Arsenal,21,3,WHU,ARS,0.6614788445894461,2.2344459038538744,0.09482605264055166,0.17252136254851516,0.7326525848109339,0.10705143020746354,0.5160875565857475,0.6537479400637707,0.14253144277692198,0.18746274231218396,0.00472783588709369
2026,37,361,2026-05-17T14:00:00Z,Arsenal,Burnley,3,90,ARS,BUR,2.882872951873322,0.5068239217279066,0.8547575046080533,0.10418661433640711,0.04105588105553998,0.6024058317232003,0.05597372180442231,0.09228048217108609,0.7826611495899266,0.001839329724466543,0.3265471410298424
2026,37,362,2026-05-17T14:00:00Z,Aston Villa,Liverpool,7,14,AVL,LIV,1.2604263871941936,1.7571805386878134,0.2749550201038179,0.23425077863391544,0.4907942012622668,0.17253062212714373,0.28353310583663255,0.5243019263433382,0.3590942859237516,0.10192776656184455,0.0392485509884295
2026,37,363,2026-05-17T14:00:00Z,Bournemouth,Man City,91,43,BOU,MCI,1.0555206770537893,1.548648813213403,0.2586195675518531,0.2542313531596072,0.48714907928853995,0.21253495432292513,0.34801117868908876,0.45832304089851206,0.2846558263587168,0.07189608716220253,0.022582962453941535
2026,37,364,2026-05-17T14:00:00Z,Brentford,Crystal Palace,94,31,BRE,CRY,1.4015147103855017,1.4658528382129876,0.3609524029144704,0.24922593225581932,0.38982166482971037,0.2308810033474599,0.24622372370608336,0.4306814226062038,0.40869010547394535,0.061430063081453046,0.05389622272090022
2026,37,365,2026-05-17T14:00:00Z,Chelsea,Spurs,8,6,CHE,TOT,1.8691324767288915,1.235643274607465,0.522131649401341,0.22594849703649503,0.25191985356216384,0.29064773591138676,0.15425742569163317,0.35021534392982145,0.5574150101715414,0.036943552883703656,0.12006757204529417
2026,37,366,2026-05-17T14:00:00Z,Everton,Sunderland,11,56,EVE,SUN,1.5630401293300298,0.5263696636188746,0.6290237859249843,0.24854168613556893,0.12243452793944738,0.5907456871250004,0.20949820046346593,0.09830370425871204,0.4630477051897097,0.0021072977191287645,0.07380221367018203
2026,37,367,2026-05-17T14:00:00Z,Leeds,Brighton,2,36,LEE,BHA,1.3367431620752233,1.746020187520074,0.29465139613870495,0.23400559137471863,0.4713430124865768,0.17446690918145594,0.26269984769063487,0.5209103453334906,0.3861379272307063,0.100193482398661,0.04685014934182996
2026,37,368,2026-05-17T14:00:00Z,Man Utd,Nott'm Forest,1,17,MUN,NFO,1.4016965668694232,1.1500541806363072,0.4271384703404104,0.26427766725233454,0.3085838624072553,0.3166196142621518,0.2461789503967138,0.31925067468420565,0.4087528599966944,0.029598406416959544,0.05391676958047498
2026,37,369,2026-05-17T14:00:00Z,Newcastle,West Ham,4,21,NEW,WHU,2.1923037537967875,0.8329035569997226,0.6840387823463293,0.186880983194301,0.12908023445936967,0.43478502867429186,0.11165921674169522,0.20308097441266404,0.6435498632494772,0.010399191539539165,0.17913632364768994
2026,37,370,2026-05-17T14:00:00Z,Wolves,Fulham,39,54,WOL,FUL,1.3520800424090351,1.503678265294772,0.34137783870418303,0.24914938554344965,0.4094727757523677,0.2223109358100156,0.25870159033238355,0.4434049418751227,0.3915131524397224,0.06610496479480688,0.04846938993851191
2026,38,371,2026-05-24T15:00:00Z,Brighton,Man Utd,36,1,BHA,MUN,1.909077326103019,1.2348065117587825,0.5312849643132216,0.2228833776400229,0.2458316580467555,0.2908910409189504,0.14821707955464408,0.3499148075420391,0.5688250545263775,0.03686712745364584,0.1268539124568271
2026,38,372,2026-05-24T15:00:00Z,Burnley,Wolves,90,39,BUR,WOL,1.3703792005012674,1.5514823324427718,0.3369628912253062,0.2455804581758376,0.4174566505988569,0.211933584841291,0.2540106203334569,0.4592552026261848,0.39789850885514955,0.07226937182523296,0.050441351706906445
2026,38,373,2026-05-24T15:00:00Z,Crystal Palace,Arsenal,31,3,CRY,ARS,0.80603400635775,1.444732253444298,0.20942473355592128,0.2686392159881162,0.5219360504559629,0.23580920520674392,0.4466258737247728,0.42350963037200806,0.19337848393381796,0.05889856419495232,0.009313141690751814
2026,38,374,2026-05-24T15:00:00Z,Fulham,Newcastle,54,4,FUL,NEW,1.1114377537725784,1.5530192389172728,0.2720788694082914,0.25280409264046694,0.47511703795124194,0.21160811291660428,0.3290854768940131,0.45976041661293054,0.3051564998677271,0.0724722558669425,0.026594754005939913
2026,38,375,2026-05-24T15:00:00Z,Liverpool,Brentford,14,94,LIV,BRE,2.6011669856884336,1.2609664810646315,0.6618710090292774,0.1719611367210137,0.166167854249709,0.28338001269016044,0.07418695256680542,0.3592872899038775,0.7328403956475865,0.039299676311661536,0.26425228187307637
2026,38,376,2026-05-24T15:00:00Z,Man City,Aston Villa,43,7,MCI,AVL,1.8515569558580653,0.8319974045432237,0.6147580409459465,0.22174746191537745,0.163494497138676,0.4351791887536653,0.1569925454677752,0.2027528556920597,0.5523268149535021,0.010361295254937897,0.11713264684394775
2026,38,377,2026-05-24T15:00:00Z,Nott'm Forest,Bournemouth,17,91,NFO,BOU,1.0900902229360605,1.4078652504568363,0.2915642071925316,0.26602119587926537,0.44241459692820306,0.24466502461114653,0.33618616063590906,0.41087958923665346,0.29734059256847445,0.054616254373903717,0.0250163163089947
2026,38,379,2026-05-24T15:00:00Z,Spurs,Everton,6,11,TOT,EVE,1.2648447799890514,1.1362341058285825,0.3932500269728757,0.2758314160990913,0.3309185569280333,0.3210256970860684,0.2822831087273675,0.3142139570373452,0.36067257471974,0.02850141779869053,0.039667915313277735
2026,38,378,2026-05-24T15:00:00Z,Sunderland,Chelsea,56,8,SUN,CHE,0.6996864668885212,1.8896685933529316,0.13075934369858522,0.21236964806564546,0.6568710082357694,0.1511218833350564,0.4967410241372885,0.5633078399583417,0.1556960037255064,0.12353660207927963,0.00574456155859715
2026,38,380,2026-05-24T15:00:00Z,West Ham,Leeds,21,2,WHU,LEE,1.4164147719806321,1.3717942284953217,0.3834617594076771,0.25334998656013086,0.36318825403219246,0.25365144237826065,0.24258217210034108,0.39839097291772785,0.4138208559175879,0.05059564716718756,0.055593804199867924
